,Datum,Bewoelkung,Temperatur,Windgeschwindigkeit,Wettercode
0,2012-01-01,8.0,9.825,14,58.0
1,2012-01-02,7.0,7.4375,12,
2,2012-01-03,8.0,5.5375,18,63.0
3,2012-01-04,4.0,5.6875,19,80.0
4,2012-01-05,6.0,5.3,23,80.0
5,2012-01-06,3.0,2.625,10,
6,2012-01-07,7.0,6.528571,14,61.0
7,2012-01-08,7.0,5.9625,10,80.0
8,2012-01-09,8.0,5.15,12,61.0
9,2012-01-10,6.0,6.1125,10,
10,2012-01-11,6.0,7.8625,16,51.0
11,2012-01-12,7.0,7.4375,25,61.0
12,2012-01-13,2.0,4.8,18,
13,2012-01-14,3.0,2.8875,10,
14,2012-01-15,1.0,2.225,6,
15,2012-01-16,8.0,3.0625,6,61.0
16,2012-01-17,6.0,4.4875,10,
17,2012-01-18,7.0,2.35,12,51.0
18,2012-01-19,8.0,5.2625,16,80.0
19,2012-01-20,6.0,3.4375,12,26.0
20,2012-01-21,7.0,3.5375,16,68.0
21,2012-01-22,6.0,3.7875,12,21.0
22,2012-01-23,5.0,2.2125,4,10.0
23,2012-01-24,3.0,1.7625,6,
24,2012-01-25,3.0,-0.1875,8,
25,2012-01-26,2.0,0.3625,12,
26,2012-01-27,8.0,-1.0,10,71.0
27,2012-01-28,6.0,-1.3875,10,10.0
28,2012-01-29,7.0,-3.1625,8,71.0
29,2012-01-30,3.0,-2.275,12,
30,2012-01-31,1.0,-2.375,18,
31,2012-02-01,7.0,-1.825,16,71.0
32,2012-02-02,6.0,-5.85,8,85.0
33,2012-02-03,4.0,-5.85,14,3.0
34,2012-02-04,4.0,-7.5375,10,71.0
35,2012-02-05,5.0,-7.7125,8,
36,2012-02-06,4.0,-10.25,6,10.0
37,2012-02-07,6.0,-3.0,18,71.0
38,2012-02-08,6.0,-2.7625,10,
39,2012-02-09,6.0,-1.6625,21,3.0
40,2012-02-10,6.0,-2.8125,8,71.0
41,2012-02-11,7.0,-4.575,8,78.0
42,2012-02-12,8.0,-1.2375,16,72.0
43,2012-02-13,6.0,-2.325,8,10.0
44,2012-02-14,8.0,1.3,10,47.0
45,2012-02-15,1.0,4.8625,18,
46,2012-02-16,7.0,2.9625,10,61.0
47,2012-02-17,5.0,5.5625,14,
48,2012-02-18,8.0,6.175,14,61.0
49,2012-02-19,4.0,4.2,18,25.0
50,2012-02-20,5.0,4.1125,14,
51,2012-02-21,8.0,4.95,14,58.0
52,2012-02-22,7.0,7.175,18,51.0
53,2012-02-23,6.0,8.4125,18,
54,2012-02-24,7.0,8.35,19,20.0
55,2012-02-25,6.0,6.525,19,61.0
56,2012-02-26,1.0,4.675,8,
57,2012-02-27,8.0,3.725,12,61.0
58,2012-02-28,8.0,7.675,14,51.0
59,2012-02-29,8.0,7.775,10,47.0
60,2012-03-01,6.0,7.625,12,43.0
61,2012-03-02,7.0,5.9125,6,28.0
62,2012-03-03,5.0,7.0375,14,
63,2012-03-04,7.0,4.675,8,
64,2012-03-05,7.0,4.875,10,
65,2012-03-06,4.0,4.5125,10,
66,2012-03-07,7.0,4.05,10,61.0
67,2012-03-08,2.0,7.5125,14,
68,2012-03-09,8.0,7.825,14,10.0
69,2012-03-10,6.0,8.7,19,10.0
70,2012-03-11,6.0,8.95,14,
71,2012-03-12,5.0,9.0125,18,
72,2012-03-13,6.0,9.95,16,1.0
73,2012-03-14,7.0,7.7875,10,
74,2012-03-15,6.0,7.4,8,
75,2012-03-16,3.0,12.0375,14,10.0
76,2012-03-17,6.0,9.775,14,10.0
77,2012-03-18,7.0,9.8375,16,61.0
78,2012-03-19,4.0,8.1125,18,
79,2012-03-20,7.0,8.0875,18,51.0
80,2012-03-21,5.0,12.625,16,
81,2012-03-22,0.0,12.7625,6,2.0
82,2012-03-23,0.0,13.4875,6,
83,2012-03-24,5.0,7.8375,8,10.0
84,2012-03-25,0.0,13.1375,10,1.0
85,2012-03-26,7.0,8.4875,8,51.0
86,2012-03-27,4.0,15.5,10,
87,2012-03-28,3.0,14.8375,18,5.0
88,2012-03-29,6.0,8.9875,19,21.0
89,2012-03-30,3.0,9.9625,18,1.0
90,2012-03-31,4.0,6.1125,19,61.0
91,2012-04-01,7.0,6.525,19,25.0
92,2012-04-02,7.0,5.5875,16,
93,2012-04-03,7.0,3.3,10,22.0
94,2012-04-04,7.0,4.5875,18,21.0
95,2012-04-05,1.0,5.6375,10,
96,2012-04-06,7.0,6.2,18,61.0
97,2012-04-07,4.0,3.7125,19,
98,2012-04-08,2.0,5.75,10,
99,2012-04-09,8.0,6.5125,10,58.0
100,2012-04-10,8.0,10.5875,10,61.0
101,2012-04-11,7.0,10.475,12,
102,2012-04-12,6.0,9.575,12,81.0
103,2012-04-13,7.0,8.725,10,
104,2012-04-14,6.0,8.8125,8,25.0
105,2012-04-15,7.0,8.075,10,21.0
106,2012-04-16,4.0,7.5,16,80.0
107,2012-04-17,5.0,8.0375,12,
108,2012-04-18,6.0,9.6125,10,
109,2012-04-19,2.0,14.2375,14,
110,2012-04-20,6.0,9.225,10,95.0
111,2012-04-21,6.0,12.2,10,91.0
112,2012-04-22,6.0,9.9875,10,80.0
113,2012-04-23,6.0,9.95,10,81.0
114,2012-04-24,7.0,10.0,8,61.0
115,2012-04-25,6.0,11.6375,12,
116,2012-04-26,6.0,14.1875,14,60.0
117,2012-04-27,5.0,14.925,12,25.0
118,2012-04-28,6.0,9.5125,18,61.0
119,2012-04-29,7.0,11.4625,23,
120,2012-04-30,3.0,16.2375,8,
121,2012-05-01,5.0,13.4125,19,
122,2012-05-02,1.0,13.45,12,
123,2012-05-03,6.0,16.6,8,
124,2012-05-04,7.0,12.65,10,80.0
125,2012-05-05,2.0,10.5,8,
126,2012-05-06,5.0,8.6,8,
127,2012-05-07,7.0,7.575,6,61.0
128,2012-05-08,6.0,16.075,8,
129,2012-05-09,6.0,16.85,10,81.0
130,2012-05-10,7.0,17.85,12,61.0
131,2012-05-11,5.0,16.525,19,
132,2012-05-12,5.0,9.3875,23,80.0
133,2012-05-13,6.0,11.0125,10,
134,2012-05-14,6.0,14.525,12,
135,2012-05-15,7.0,11.45,10,
136,2012-05-16,6.0,8.8875,19,80.0
137,2012-05-17,4.0,10.8125,18,3.0
138,2012-05-18,6.0,16.2125,10,
139,2012-05-19,5.0,17.7625,6,
140,2012-05-20,6.0,18.475,10,
141,2012-05-21,5.0,18.514285,14,
142,2012-05-22,4.0,19.2,12,
143,2012-05-23,4.0,18.2375,14,
144,2012-05-24,0.0,18.8625,12,
145,2012-05-25,0.0,19.85,10,
146,2012-05-26,4.0,21.45,8,
147,2012-05-27,1.0,19.875,10,
148,2012-05-28,2.0,22.8375,14,
149,2012-05-29,4.0,15.35,12,
150,2012-05-30,6.0,12.9375,14,
151,2012-05-31,7.0,13.2625,10,61.0
152,2012-06-01,4.0,12.8875,19,25.0
153,2012-06-02,4.0,12.4625,16,25.0
154,2012-06-03,7.0,12.35,12,
155,2012-06-04,7.0,13.2125,14,
156,2012-06-05,5.0,13.2125,16,25.0
157,2012-06-06,7.0,13.8375,10,61.0
158,2012-06-07,7.0,15.1875,10,51.0
159,2012-06-08,4.0,19.3375,12,95.0
160,2012-06-09,6.0,14.6,14,61.0
161,2012-06-10,6.0,15.0,16,51.0
162,2012-06-11,3.0,16.525,8,
163,2012-06-12,7.0,14.1125,6,63.0
164,2012-06-13,4.0,15.1625,12,
165,2012-06-14,6.0,14.05,12,
166,2012-06-15,7.0,18.3125,8,63.0
167,2012-06-16,6.0,18.4625,10,25.0
168,2012-06-17,6.0,16.9625,14,25.0
169,2012-06-18,6.0,19.5875,19,95.0
170,2012-06-19,6.0,17.3125,6,
171,2012-06-20,6.0,17.65,12,
172,2012-06-21,4.0,18.5125,16,
173,2012-06-22,4.0,18.325,14,29.0
174,2012-06-23,6.0,16.8875,12,80.0
175,2012-06-24,8.0,12.875,12,63.0
176,2012-06-25,6.0,13.8875,18,80.0
177,2012-06-26,6.0,14.3,18,20.0
178,2012-06-27,8.0,14.5625,10,
179,2012-06-28,6.0,18.2625,8,
180,2012-06-29,6.0,22.75,8,95.0
181,2012-06-30,5.0,23.1375,10,
182,2012-07-01,4.0,19.5125,14,
183,2012-07-02,6.0,19.4375,10,
184,2012-07-03,3.0,20.5375,12,
185,2012-07-04,5.0,19.95,12,
186,2012-07-05,7.0,17.2625,12,10.0
187,2012-07-06,7.0,18.5375,10,60.0
188,2012-07-07,7.0,20.7875,4,
189,2012-07-08,5.0,22.975,10,95.0
190,2012-07-09,7.0,16.5,16,61.0
191,2012-07-10,6.0,18.825,14,1.0
192,2012-07-11,6.0,17.15,14,29.0
193,2012-07-12,5.0,15.4875,14,81.0
194,2012-07-13,6.0,17.0875,6,21.0
195,2012-07-14,6.0,17.9125,19,25.0
196,2012-07-15,5.0,16.375,16,25.0
197,2012-07-16,5.0,16.875,16,80.0
198,2012-07-17,5.0,17.1375,18,80.0
199,2012-07-18,7.0,16.95,6,63.0
200,2012-07-19,7.0,15.8125,16,81.0
201,2012-07-20,6.0,15.25,16,80.0
202,2012-07-21,6.0,16.1625,16,
203,2012-07-22,4.0,18.325,12,
204,2012-07-23,2.0,22.483333,12,
205,2012-07-25,1.0,25.65,8,
206,2012-07-26,1.0,22.5875,8,
207,2012-07-27,1.0,26.075,10,
208,2012-07-28,7.0,18.95,14,63.0
209,2012-07-29,7.0,16.0375,8,61.0
210,2012-07-30,6.0,15.1875,10,95.0
211,2012-07-31,5.0,17.1625,12,
212,2012-08-01,6.0,21.0625,6,
213,2012-08-02,6.0,22.725,10,29.0
214,2012-08-03,4.0,20.6875,10,91.0
215,2012-08-04,6.0,18.225,6,61.0
216,2012-08-05,6.0,21.6125,4,
217,2012-08-06,5.0,19.575,16,80.0
218,2012-08-07,6.0,17.3125,14,80.0
219,2012-08-08,4.0,17.9,16,80.0
220,2012-08-09,5.0,18.35,12,
221,2012-08-10,6.0,17.3,14,25.0
222,2012-08-11,2.0,18.85,10,
223,2012-08-12,1.0,19.7875,12,
224,2012-08-13,2.0,20.0375,14,
225,2012-08-14,2.0,20.1625,12,
226,2012-08-15,1.0,20.4,14,
227,2012-08-16,6.0,17.325,10,63.0
228,2012-08-17,5.0,21.9375,8,
229,2012-08-18,6.0,27.525,8,
230,2012-08-19,2.0,26.875,8,
231,2012-08-20,3.0,26.15,16,
232,2012-08-21,6.0,20.8125,6,
233,2012-08-22,4.0,20.0125,18,
234,2012-08-23,5.0,19.8375,18,80.0
235,2012-08-24,7.0,16.2625,4,61.0
236,2012-08-25,6.0,18.8625,8,80.0
237,2012-08-26,6.0,17.325,14,95.0
238,2012-08-27,2.0,17.8625,12,
239,2012-08-28,7.0,19.5875,8,61.0
240,2012-08-29,4.0,20.6625,8,3.0
241,2012-08-30,7.0,19.2375,6,
242,2012-08-31,3.0,17.2875,14,
243,2012-09-01,6.0,16.6,12,
244,2012-09-02,6.0,19.15,14,
245,2012-09-03,4.0,19.475,12,
246,2012-09-04,4.0,20.5375,14,
247,2012-09-05,6.0,17.1375,14,80.0
248,2012-09-06,7.0,16.1125,14,
249,2012-09-07,7.0,16.125,12,58.0
250,2012-09-08,5.0,18.4625,16,51.0
251,2012-09-09,4.0,21.075,6,
252,2012-09-10,4.0,23.125,12,
253,2012-09-11,7.0,17.0875,12,61.0
254,2012-09-12,4.0,13.9625,12,80.0
255,2012-09-13,3.0,15.1,8,
256,2012-09-14,8.0,13.7125,16,61.0
257,2012-09-15,6.0,15.625,18,80.0
258,2012-09-16,3.0,18.35,12,
259,2012-09-17,4.0,17.4375,14,25.0
260,2012-09-18,6.0,15.0375,14,80.0
261,2012-09-19,5.0,10.6375,16,81.0
262,2012-09-20,6.0,11.4875,12,80.0
263,2012-09-21,7.0,14.25,14,21.0
264,2012-09-22,5.0,11.5,14,25.0
265,2012-09-23,4.0,13.65,10,
266,2012-09-24,8.0,10.4125,16,61.0
267,2012-09-25,7.0,14.925,10,80.0
268,2012-09-26,7.0,12.5625,6,61.0
269,2012-09-27,7.0,13.2,10,61.0
270,2012-09-28,6.0,13.5625,12,
271,2012-09-29,5.0,13.2625,16,25.0
272,2012-09-30,4.0,13.875,14,25.0
273,2012-10-01,7.0,13.8625,10,
274,2012-10-02,6.0,15.1625,10,10.0
275,2012-10-03,7.0,14.175,12,65.0
276,2012-10-04,7.0,10.45,10,80.0
277,2012-10-05,7.0,9.7375,14,61.0
278,2012-10-08,4.0,12.4375,12,80.0
279,2012-10-09,1.0,10.9875,19,80.0
280,2012-10-10,5.0,10.1,12,80.0
281,2012-10-11,4.0,11.4375,6,
282,2012-10-12,6.0,10.1375,10,61.0
283,2012-10-15,6.0,9.5875,10,51.0
284,2012-10-16,7.0,10.8875,12,61.0
285,2012-10-17,7.0,12.1,12,21.0
286,2012-10-18,6.0,16.775,8,
287,2012-10-19,3.0,19.35,6,
288,2012-10-22,8.0,12.675,8,10.0
289,2012-10-23,8.0,11.8875,8,51.0
290,2012-10-24,8.0,10.9875,6,51.0
291,2012-10-25,6.0,8.7375,16,80.0
292,2012-10-26,5.0,5.1875,8,
293,2012-10-29,8.0,3.625,14,61.0
294,2012-10-30,4.0,7.0625,8,25.0
295,2012-10-31,6.0,7.95,10,10.0
296,2012-11-01,7.0,5.8125,10,
297,2012-11-02,7.0,7.475,12,21.0
298,2012-11-05,7.0,6.5875,10,61.0
299,2012-11-06,6.0,7.45,14,80.0
300,2012-11-07,7.0,10.3,16,51.0
301,2012-11-08,7.0,9.6625,16,80.0
302,2012-11-09,7.0,9.5,8,20.0
303,2012-11-12,6.0,7.3125,12,80.0
304,2012-11-13,7.0,7.2,8,10.0
305,2012-11-14,8.0,9.6625,6,10.0
306,2012-11-15,7.0,8.7125,6,5.0
307,2012-11-16,7.0,-0.275,6,10.0
308,2012-11-19,3.0,6.125,8,3.0
309,2012-11-20,6.0,7.675,8,10.0
310,2012-11-21,8.0,6.1875,12,10.0
311,2012-11-22,4.0,9.1,14,3.0
312,2012-11-23,7.0,6.7,10,61.0
313,2012-11-26,6.0,8.1625,10,
314,2012-11-27,7.0,7.625,8,20.0
315,2012-11-28,8.0,5.325,8,51.0
316,2012-11-29,7.0,3.4625,14,61.0
317,2012-11-30,2.0,0.725,10,
318,2012-12-03,8.0,1.033333,8,10.0
319,2012-12-04,7.0,1.375,8,69.0
320,2012-12-05,2.0,-4.7875,10,
321,2012-12-06,1.0,-4.45,8,
322,2012-12-07,4.0,-1.7875,8,10.0
323,2012-12-10,8.0,0.1875,18,71.0
324,2012-12-11,6.0,-1.8625,14,
325,2012-12-12,3.0,-5.7375,4,10.0
326,2012-12-13,7.0,-2.0625,4,78.0
327,2012-12-14,7.0,-2.6875,10,10.0
328,2012-12-17,8.0,4.1875,4,47.0
329,2012-12-18,8.0,3.6375,10,61.0
330,2012-12-19,7.0,2.8625,6,20.0
331,2012-12-20,7.0,2.0875,12,5.0
332,2012-12-21,7.0,-0.2125,10,13.0
333,2013-04-30,3.0,11.116666,15,0.0
334,2013-05-01,0.0,9.9,11,
335,2013-05-02,1.0,11.0375,12,
336,2013-05-03,0.0,12.9125,9,
337,2013-05-04,0.0,17.95,18,
338,2013-05-05,3.0,16.2125,10,
339,2013-05-06,0.0,15.675,8,
340,2013-05-07,1.0,17.4125,10,21.0
341,2013-05-08,4.0,18.8125,9,21.0
342,2013-05-09,7.0,16.125,11,21.0
343,2013-05-10,5.0,15.5,12,21.0
344,2013-05-11,7.0,15.4125,11,
345,2013-05-12,7.0,11.7125,12,61.0
346,2013-05-13,7.0,11.4375,10,65.0
347,2013-05-14,5.0,12.6,10,21.0
348,2013-05-15,4.0,20.5375,10,61.0
349,2013-05-16,0.0,16.1625,13,5.0
350,2013-05-17,0.0,21.3125,11,5.0
351,2013-05-18,7.0,13.85,12,10.0
352,2013-05-19,8.0,13.05,5,20.0
353,2013-05-20,7.0,15.775,8,21.0
354,2013-05-21,7.0,12.525,9,65.0
355,2013-05-22,7.0,9.0625,23,63.0
356,2013-05-23,5.0,10.525,8,61.0
357,2013-05-24,5.0,12.5,8,61.0
358,2013-05-25,7.0,11.3375,11,63.0
359,2013-05-26,7.0,14.1625,15,63.0
360,2013-05-27,6.0,14.7875,10,
361,2013-05-28,6.0,15.4,10,20.0
362,2013-05-29,7.0,13.6625,14,61.0
363,2013-05-30,4.0,16.125,11,21.0
364,2013-05-31,3.0,17.65,12,
365,2013-06-01,3.0,20.3875,10,21.0
366,2013-06-02,2.0,14.975,18,
367,2013-06-03,0.0,17.35,13,
368,2013-06-04,3.0,17.1625,15,
369,2013-06-05,4.0,19.0875,9,
370,2013-06-06,0.0,20.85,12,
371,2013-06-07,0.0,19.7,8,
372,2013-06-08,1.0,16.9625,9,
373,2013-06-09,4.0,15.8875,7,
374,2013-06-10,2.0,17.725,8,0.0
375,2013-06-11,2.0,16.6625,9,
376,2013-06-12,5.0,22.35,7,
377,2013-06-14,2.0,16.7125,16,0.0
378,2013-06-15,6.0,17.0875,27,61.0
379,2013-06-16,7.0,15.5875,16,21.0
380,2013-06-17,0.0,17.9,8,
381,2013-06-18,1.0,20.05,10,0.0
382,2013-06-19,6.0,23.5375,10,63.0
383,2013-06-20,2.0,21.8375,10,
384,2013-06-21,7.0,19.575,14,63.0
385,2013-06-22,6.0,19.7375,10,
386,2013-06-23,6.0,17.5375,10,21.0
387,2013-06-24,7.0,15.95,12,63.0
388,2013-06-25,7.0,15.175,10,21.0
389,2013-06-26,7.0,13.825,18,61.0
390,2013-06-27,7.0,12.55,10,61.0
391,2013-06-28,7.0,13.05,10,61.0
392,2013-06-29,6.0,14.8375,16,61.0
393,2013-06-30,7.0,14.0125,15,63.0
394,2013-07-01,6.0,17.8375,15,20.0
395,2013-07-02,3.0,17.3125,10,
396,2013-07-03,7.0,21.075,6,61.0
397,2013-07-04,7.0,18.85,7,20.0
398,2013-07-05,5.0,19.975,12,
399,2013-07-06,0.0,18.9625,8,
400,2013-07-07,0.0,21.375,9,
401,2013-07-08,0.0,22.725,10,5.0
402,2013-07-09,0.0,23.275,8,
403,2013-07-10,2.0,19.6875,13,5.0
404,2013-07-11,0.0,21.375,12,5.0
405,2013-07-12,0.0,20.2875,7,
406,2013-07-13,1.0,20.125,12,
407,2013-07-14,5.0,17.6875,15,5.0
408,2013-07-15,6.0,18.7375,12,
409,2013-07-16,1.0,21.1875,10,
410,2013-07-17,5.0,22.5125,8,
411,2013-07-18,1.0,23.25,11,5.0
412,2013-07-19,3.0,22.475,16,5.0
413,2013-07-20,0.0,23.1875,8,
414,2013-07-21,0.0,26.375,8,
415,2013-07-22,0.0,26.1,9,
416,2013-07-23,0.0,24.95,12,
417,2013-07-24,3.0,24.075,11,
418,2013-07-25,2.0,23.0875,9,
419,2013-07-26,3.0,27.2625,6,
420,2013-07-27,1.0,26.1625,10,
421,2013-07-28,4.0,24.8875,13,61.0
422,2013-07-29,1.0,22.7875,10,
423,2013-07-30,5.0,21.075,13,21.0
424,2013-07-31,5.0,20.275,16,65.0
425,2013-08-01,6.0,23.4,7,21.0
426,2013-08-02,0.0,31.4375,7,
427,2013-08-03,4.0,23.3625,11,63.0
428,2013-08-04,3.0,23.05,8,
429,2013-08-05,0.0,25.8,10,
430,2013-08-06,5.0,22.225,13,
431,2013-08-07,4.0,19.2125,8,
432,2013-08-08,7.0,16.975,12,20.0
433,2013-08-09,4.0,20.3375,10,21.0
434,2013-08-10,7.0,19.3625,12,61.0
435,2013-08-11,7.0,16.3875,9,61.0
436,2013-08-12,7.0,16.45,11,63.0
437,2013-08-13,3.0,16.4,16,95.0
438,2013-08-14,4.0,18.2625,18,61.0
439,2013-08-15,3.0,19.8,8,
440,2013-08-16,4.0,23.575,11,0.0
441,2013-08-17,6.0,20.55,7,0.0
442,2013-08-18,7.0,18.5875,10,63.0
443,2013-08-19,5.0,18.4875,8,
444,2013-08-20,7.0,17.775,8,61.0
445,2013-08-21,5.0,20.125,8,
446,2013-08-22,4.0,21.6625,8,
447,2013-08-23,1.0,22.0375,14,
448,2013-08-24,0.0,20.85,16,5.0
449,2013-08-25,0.0,21.3875,16,5.0
450,2013-08-26,0.0,20.125,15,5.0
451,2013-08-27,1.0,21.0875,12,
452,2013-08-28,0.0,21.3,7,
453,2013-08-29,3.0,20.2125,11,
454,2013-08-30,6.0,19.7875,8,5.0
455,2013-08-31,5.0,18.35,16,21.0
456,2013-09-01,7.0,15.8625,16,61.0
457,2013-09-02,7.0,16.575,17,63.0
458,2013-09-03,7.0,18.225,11,21.0
459,2013-09-04,7.0,18.125,5,
460,2013-09-05,0.0,21.7,8,
461,2013-09-06,0.0,24.7,9,
462,2013-09-07,6.0,22.7625,7,
463,2013-09-08,7.0,20.1625,8,61.0
464,2013-09-09,8.0,11.575,11,63.0
465,2013-09-10,6.0,13.5875,11,65.0
466,2013-09-11,6.0,13.9,8,61.0
467,2013-09-12,6.0,16.1125,6,61.0
468,2013-09-13,6.0,17.4375,5,21.0
469,2013-09-14,5.0,17.625,10,63.0
470,2013-09-15,7.0,14.8625,10,21.0
471,2013-09-16,3.0,13.1375,13,21.0
472,2013-09-17,5.0,13.1375,10,63.0
473,2013-09-18,4.0,13.05,9,
474,2013-09-19,5.0,14.8375,11,63.0
475,2013-09-20,7.0,13.525,6,
476,2013-09-21,7.0,15.35,9,
477,2013-09-22,6.0,17.1375,14,21.0
478,2013-09-23,7.0,17.3125,14,21.0
479,2013-09-24,8.0,15.7375,10,
480,2013-09-25,6.0,13.5375,7,61.0
481,2013-09-26,1.0,12.9875,12,
482,2013-09-27,5.0,13.0125,8,21.0
483,2013-09-28,0.0,13.1,8,
484,2013-09-29,3.0,14.175,12,
485,2013-09-30,1.0,12.825,14,
486,2013-10-01,0.0,12.9125,13,5.0
487,2013-10-02,1.0,12.7,10,
488,2013-10-03,0.0,11.7625,12,5.0
489,2013-10-04,5.0,11.2,8,63.0
490,2013-10-05,7.0,15.575,8,20.0
491,2013-10-06,7.0,15.25,6,
492,2013-10-07,1.0,16.275,7,
493,2013-10-08,6.0,15.1125,8,61.0
494,2013-10-09,7.0,14.3125,10,21.0
495,2013-10-10,5.0,10.975,6,
496,2013-10-11,7.0,13.8625,20,10.0
497,2013-10-12,8.0,13.025,21,63.0
498,2013-10-13,5.0,10.8625,5,
499,2013-10-14,2.0,12.525,6,
500,2013-10-15,7.0,10.6625,4,63.0
501,2013-10-16,8.0,12.275,7,
502,2013-10-17,7.0,12.0,15,65.0
503,2013-10-18,1.0,9.075,9,
504,2013-10-19,7.0,9.45,9,
505,2013-10-20,7.0,15.1875,8,21.0
506,2013-10-21,7.0,14.2625,8,61.0
507,2013-10-22,2.0,17.6375,7,
508,2013-10-23,6.0,17.675,9,
509,2013-10-24,5.0,12.6875,12,61.0
510,2013-10-25,7.0,11.8875,7,61.0
511,2013-10-26,5.0,16.775,10,21.0
512,2013-10-27,6.0,14.9875,16,65.0
513,2013-10-28,7.0,14.3625,29,63.0
514,2013-10-29,7.0,10.775,17,63.0
515,2013-10-30,6.0,10.4375,10,61.0
516,2013-10-31,5.0,11.1625,13,21.0
517,2013-11-01,8.0,10.625,9,63.0
518,2013-11-02,8.0,8.8875,3,63.0
519,2013-11-03,6.0,10.7,15,21.0
520,2013-11-04,7.0,6.8375,7,63.0
521,2013-11-05,4.0,8.9,12,61.0
522,2013-11-06,4.0,8.1375,12,63.0
523,2013-11-07,6.0,9.5,10,61.0
524,2013-11-08,3.0,9.325,9,
525,2013-11-09,5.0,7.7,16,63.0
526,2013-11-10,2.0,6.9875,12,63.0
527,2013-11-11,2.0,8.3125,5,
528,2013-11-12,7.0,5.9375,9,61.0
529,2013-11-13,1.0,8.8,12,0.0
530,2013-11-14,5.0,6.9375,9,21.0
531,2013-11-15,7.0,6.45,6,21.0
532,2013-11-16,8.0,8.875,12,
533,2013-11-17,2.0,8.8875,8,0.0
534,2013-11-18,7.0,6.65,5,63.0
535,2013-11-19,8.0,5.8375,8,61.0
536,2013-11-20,6.0,3.85,6,
537,2013-11-21,2.0,3.275,8,10.0
538,2013-11-22,7.0,5.375,10,21.0
539,2013-11-23,3.0,4.9125,6,
540,2013-11-24,0.0,4.6,16,
541,2013-11-25,0.0,3.7,10,
542,2013-11-26,2.0,2.3125,6,
543,2013-11-27,8.0,7.3125,12,61.0
544,2013-11-28,2.0,8.025,18,
545,2013-11-29,8.0,5.9875,11,63.0
546,2013-11-30,7.0,5.525,10,20.0
547,2013-12-01,5.0,8.6625,20,61.0
548,2013-12-02,0.0,3.0625,4,10.0
549,2013-12-03,8.0,1.7125,6,28.0
550,2013-12-04,7.0,5.85,11,63.0
551,2013-12-05,7.0,4.4625,24,63.0
552,2013-12-06,6.0,1.7875,25,73.0
553,2013-12-07,5.0,1.0,11,22.0
554,2013-12-08,8.0,6.975,16,63.0
555,2013-12-09,7.0,9.2375,10,45.0
556,2013-12-10,7.0,7.1875,8,61.0
557,2013-12-11,7.0,5.025,9,10.0
558,2013-12-12,8.0,2.525,8,28.0
559,2013-12-13,7.0,3.5375,6,61.0
560,2013-12-14,7.0,3.0125,7,61.0
561,2013-12-15,8.0,7.925,12,61.0
562,2013-12-16,8.0,8.775,12,
563,2013-12-17,8.0,4.95,8,61.0
564,2013-12-18,7.0,6.85,8,10.0
565,2013-12-19,7.0,7.4,10,63.0
566,2013-12-20,7.0,5.2875,10,61.0
567,2013-12-21,8.0,6.5625,13,63.0
568,2013-12-22,7.0,8.1375,12,61.0
569,2013-12-23,3.0,5.4875,10,
570,2013-12-24,7.0,11.4375,18,61.0
571,2013-12-25,6.0,8.5625,13,21.0
572,2013-12-26,6.0,3.775,6,28.0
573,2013-12-27,7.0,5.7625,15,63.0
574,2013-12-28,7.0,7.0625,9,21.0
575,2013-12-29,7.0,5.7125,9,63.0
576,2013-12-30,4.0,4.75,11,10.0
577,2013-12-31,4.0,5.0375,7,
578,2014-01-01,5.0,4.5125,8,63.0
579,2014-01-02,7.0,6.25,9,63.0
580,2014-01-03,7.0,6.8375,10,63.0
581,2014-01-04,5.0,6.9375,11,
582,2014-01-05,7.0,6.1875,11,63.0
583,2014-01-06,7.0,7.9125,11,65.0
584,2014-01-07,7.0,10.4375,13,
585,2014-01-08,7.0,8.6375,15,63.0
586,2014-01-09,7.0,9.6125,16,61.0
587,2014-01-10,7.0,6.6375,17,61.0
588,2014-01-11,7.0,5.5875,18,63.0
589,2014-01-12,2.0,5.525,16,21.0
590,2014-01-13,8.0,3.1375,10,69.0
591,2014-01-14,6.0,4.225,6,28.0
592,2014-01-15,7.0,3.228571,7,28.0
593,2014-01-16,8.0,2.7375,9,63.0
594,2014-01-17,7.0,6.7375,4,61.0
595,2014-01-18,7.0,5.8875,8,61.0
596,2014-01-19,7.0,2.8625,19,10.0
597,2014-01-20,8.0,0.3875,13,61.0
598,2014-01-21,7.0,-0.65,7,77.0
599,2014-01-22,8.0,-3.1125,14,22.0
600,2014-01-23,8.0,-3.1875,11,22.0
601,2014-01-24,2.0,-5.1625,13,10.0
602,2014-01-25,5.0,-7.0375,8,
603,2014-01-26,1.0,-8.475,10,10.0
604,2014-01-27,5.0,0.7,9,69.0
605,2014-01-28,7.0,-0.2625,10,10.0
606,2014-01-29,7.0,-5.05,13,77.0
607,2014-01-30,7.0,-4.4875,8,77.0
608,2014-01-31,8.0,-3.6875,7,10.0
609,2014-02-01,7.0,3.225,10,63.0
610,2014-02-02,0.0,5.4875,8,
611,2014-02-03,1.0,3.475,8,10.0
612,2014-02-04,5.0,3.925,6,10.0
613,2014-02-05,4.0,3.675,8,10.0
614,2014-02-06,7.0,7.875,11,20.0
615,2014-02-07,7.0,8.475,15,63.0
616,2014-02-08,7.0,6.2875,12,61.0
617,2014-02-09,5.0,6.7125,15,63.0
618,2014-02-10,2.0,6.6375,9,
619,2014-02-11,7.0,4.925,12,61.0
620,2014-02-12,4.0,6.1,13,10.0
621,2014-02-13,5.0,7.45,13,
622,2014-02-14,5.0,5.2125,9,10.0
623,2014-02-15,5.0,11.5,15,
624,2014-02-16,7.0,6.0625,17,63.0
625,2014-02-17,0.0,6.6875,9,
626,2014-02-18,7.0,7.8,8,10.0
627,2014-02-19,7.0,6.325,8,61.0
628,2014-02-20,6.0,9.1,11,10.0
629,2014-02-21,7.0,7.5125,11,61.0
630,2014-02-22,7.0,5.925,11,21.0
631,2014-02-23,1.0,8.625,12,
632,2014-02-24,1.0,9.4125,11,
633,2014-02-25,1.0,10.475,7,
634,2014-02-26,5.0,10.1875,8,
635,2014-02-27,1.0,8.8875,7,10.0
636,2014-02-28,7.0,6.1875,6,61.0
637,2014-03-01,2.0,5.075,9,10.0
638,2014-03-02,6.0,6.5625,9,10.0
639,2014-03-03,0.0,9.1875,10,5.0
640,2014-03-04,7.0,6.6875,7,10.0
641,2014-03-05,7.0,4.6875,7,28.0
642,2014-03-06,3.0,8.925,9,10.0
643,2014-03-07,6.0,11.275,10,5.0
644,2014-03-08,0.0,9.9375,6,
645,2014-03-09,0.0,16.4,9,
646,2014-03-10,0.0,15.8,9,
647,2014-03-11,0.0,7.85,9,
648,2014-03-12,0.0,10.2125,8,0.0
649,2014-03-13,0.0,13.375,10,
650,2014-03-14,1.0,9.6125,10,
651,2014-03-15,4.0,9.0375,27,
652,2014-03-16,7.0,9.3375,24,61.0
653,2014-03-17,7.0,9.5875,18,61.0
654,2014-03-18,7.0,9.6875,16,21.0
655,2014-03-19,7.0,9.45,18,61.0
656,2014-03-20,0.0,16.2625,13,
657,2014-03-21,7.0,6.8875,14,63.0
658,2014-03-22,5.0,8.85,11,63.0
659,2014-03-23,4.0,8.3625,10,
660,2014-03-24,3.0,7.5625,7,
661,2014-03-25,2.0,7.725,10,21.0
662,2014-03-26,5.0,7.85,11,21.0
663,2014-03-27,6.0,5.1,12,
664,2014-03-28,8.0,5.4,12,10.0
665,2014-03-29,3.0,9.375,8,10.0
666,2014-03-30,0.0,11.2625,8,28.0
667,2014-03-31,7.0,7.4375,4,45.0
668,2014-04-01,8.0,5.7625,13,10.0
669,2014-04-02,2.0,12.45,8,10.0
670,2014-04-03,3.0,7.6125,15,10.0
671,2014-04-04,6.0,6.45,15,0.0
672,2014-04-05,8.0,9.825,5,61.0
673,2014-04-06,7.0,12.1875,8,63.0
674,2014-04-07,7.0,15.7875,10,63.0
675,2014-04-08,7.0,9.8125,19,61.0
676,2014-04-09,7.0,10.1875,20,21.0
677,2014-04-10,7.0,9.75,4,
678,2014-04-11,6.0,12.0625,10,
679,2014-04-12,4.0,11.2,12,0.0
680,2014-04-13,6.0,11.0125,21,
681,2014-04-14,5.0,8.9,23,61.0
682,2014-04-15,0.0,9.9125,15,
683,2014-04-16,0.0,11.3625,9,
684,2014-04-17,5.0,14.4,14,
685,2014-04-18,7.0,8.2375,11,61.0
686,2014-04-19,1.0,11.125,13,5.0
687,2014-04-20,0.0,13.875,15,5.0
688,2014-04-21,4.0,13.425,15,0.0
689,2014-04-22,3.0,15.45,10,10.0
690,2014-04-23,8.0,9.825,11,21.0
691,2014-04-24,8.0,9.175,11,
692,2014-04-25,0.0,13.5625,12,
693,2014-04-26,0.0,15.45,11,
694,2014-04-27,0.0,16.225,16,
695,2014-04-28,0.0,15.8875,11,
696,2014-04-29,0.0,18.0875,8,0.0
697,2014-04-30,3.0,18.0,8,
698,2014-05-01,4.0,10.4875,14,
699,2014-05-02,6.0,10.225,13,
700,2014-05-03,3.0,11.8625,13,
701,2014-05-04,7.0,9.6,11,
702,2014-05-05,8.0,10.7125,6,21.0
703,2014-05-06,7.0,15.775,9,
704,2014-05-07,4.0,14.2125,15,65.0
705,2014-05-08,7.0,12.45,10,63.0
706,2014-05-09,6.0,12.3875,10,61.0
707,2014-05-10,7.0,13.275,12,61.0
708,2014-05-11,7.0,11.5625,12,63.0
709,2014-05-12,7.0,12.7,14,63.0
710,2014-05-13,7.0,11.5625,15,21.0
711,2014-05-14,7.0,11.5625,16,
712,2014-05-15,2.0,13.7875,8,
713,2014-05-16,5.0,13.8875,9,
714,2014-05-17,0.0,16.625,8,0.0
715,2014-05-18,4.0,16.5125,13,
716,2014-05-19,6.0,13.7625,8,61.0
717,2014-05-20,0.0,20.725,12,
718,2014-05-21,2.0,26.8625,8,
719,2014-05-22,0.0,26.375,8,
720,2014-05-23,7.0,18.0125,12,65.0
721,2014-05-24,2.0,17.9625,8,
722,2014-05-25,2.0,20.4625,11,
723,2014-05-26,0.0,19.9625,13,
724,2014-05-27,7.0,12.8875,21,21.0
725,2014-05-28,7.0,10.2,22,21.0
726,2014-05-29,4.0,12.7,14,
727,2014-05-30,0.0,17.9625,13,
728,2014-05-31,3.0,15.9125,15,
729,2014-06-01,7.0,13.825,6,21.0
730,2014-06-02,0.0,17.625,9,
731,2014-06-03,1.0,20.0,9,
732,2014-06-04,1.0,21.4875,14,
733,2014-06-05,5.0,15.0375,18,65.0
734,2014-06-06,3.0,19.3125,12,
735,2014-06-07,0.0,17.9625,8,
736,2014-06-08,6.0,22.1,12,21.0
737,2014-06-09,0.0,20.6625,10,
738,2014-06-10,1.0,25.7875,9,
739,2014-06-11,7.0,20.5,8,61.0
740,2014-06-12,4.0,19.55,12,
741,2014-06-13,7.0,17.45,18,21.0
742,2014-06-14,1.0,18.9125,13,
743,2014-06-15,0.0,19.275,8,
744,2014-06-16,6.0,18.3125,10,0.0
745,2014-06-17,1.0,20.375,7,
746,2014-06-18,3.0,19.3,13,
747,2014-06-19,7.0,15.2875,19,21.0
748,2014-06-20,7.0,15.9875,16,
749,2014-06-21,6.0,15.5125,18,61.0
750,2014-06-22,5.0,15.7,19,
751,2014-06-23,4.0,16.5,17,
752,2014-06-24,7.0,14.3625,7,21.0
753,2014-06-25,0.0,18.4375,10,
754,2014-06-26,6.0,17.575,8,63.0
755,2014-06-27,4.0,20.1625,7,95.0
756,2014-06-28,6.0,16.9625,6,95.0
757,2014-06-29,7.0,17.3125,8,61.0
758,2014-06-30,3.0,18.3375,12,
759,2014-07-01,6.0,15.6875,14,61.0
760,2014-07-02,6.0,17.1125,15,
761,2014-07-03,7.0,20.4,9,
762,2014-07-04,0.0,26.9375,10,
763,2014-07-05,6.0,24.5875,10,65.0
764,2014-07-06,5.0,25.2375,6,
765,2014-07-07,5.0,20.8,10,
766,2014-07-08,7.0,19.6,15,63.0
767,2014-07-09,0.0,24.65,24,5.0
768,2014-07-10,0.0,24.757142,18,0.0
769,2014-07-11,1.0,22.9375,18,
770,2014-07-12,0.0,20.375,12,
771,2014-07-13,7.0,18.6,10,61.0
772,2014-07-14,7.0,19.45,15,63.0
773,2014-07-15,6.0,22.2625,9,
774,2014-07-16,6.0,19.4125,7,
775,2014-07-17,4.0,22.7625,7,
776,2014-07-18,1.0,26.05,10,
777,2014-07-19,0.0,28.0625,13,
778,2014-07-20,3.0,24.3125,15,
779,2014-07-21,0.0,23.4875,19,5.0
780,2014-07-22,0.0,24.9875,14,
781,2014-07-23,0.0,25.0,14,
782,2014-07-24,0.0,24.8375,11,
783,2014-07-25,0.0,26.325,18,
784,2014-07-26,6.0,22.375,10,21.0
785,2014-07-27,3.0,25.55,12,21.0
786,2014-07-28,0.0,24.7625,7,
787,2014-07-29,0.0,25.35,10,
788,2014-07-30,6.0,22.925,12,
789,2014-07-31,3.0,22.4375,12,21.0
790,2014-08-01,1.0,26.725,8,
791,2014-08-02,2.0,26.0875,12,
792,2014-08-03,5.0,23.0875,9,63.0
793,2014-08-04,6.0,22.5125,8,
794,2014-08-05,5.0,23.0875,10,
795,2014-08-06,0.0,22.825,10,
796,2014-08-07,7.0,20.3125,6,61.0
797,2014-08-08,3.0,22.725,8,
798,2014-08-09,6.0,20.1,17,61.0
799,2014-08-10,6.0,23.1,12,
800,2014-08-11,4.0,20.075,13,21.0
801,2014-08-12,5.0,16.9125,12,95.0
802,2014-08-13,2.0,20.9375,10,
803,2014-08-14,7.0,18.05,10,65.0
804,2014-08-15,6.0,18.3625,8,61.0
805,2014-08-16,6.0,17.2,15,61.0
806,2014-08-17,7.0,15.65,13,61.0
807,2014-08-18,6.0,15.2,15,61.0
808,2014-08-19,6.0,14.0875,12,61.0
809,2014-08-20,5.0,15.675,17,21.0
810,2014-08-21,5.0,16.2625,11,21.0
811,2014-08-22,7.0,16.325,12,61.0
812,2014-08-23,4.0,15.9875,11,21.0
813,2014-08-24,3.0,16.3125,20,21.0
814,2014-08-25,5.0,14.7875,13,65.0
815,2014-08-26,3.0,17.325,7,
816,2014-08-27,1.0,19.875,9,
817,2014-08-28,0.0,19.75,9,0.0
818,2014-08-29,5.0,19.125,12,63.0
819,2014-08-30,7.0,17.75,9,61.0
820,2014-08-31,7.0,16.375,8,21.0
821,2014-09-01,7.0,17.875,12,61.0
822,2014-09-02,2.0,18.375,13,
823,2014-09-03,2.0,18.75,13,
824,2014-09-04,0.0,20.0,15,
825,2014-09-05,2.0,21.375,10,
826,2014-09-06,2.0,24.0,5,
827,2014-09-07,5.0,20.0,6,21.0
828,2014-09-08,4.0,17.375,12,21.0
829,2014-09-09,6.0,17.125,16,63.0
830,2014-09-10,2.0,18.625,12,
831,2014-09-11,4.0,17.375,13,
832,2014-09-12,1.0,18.25,11,
833,2014-09-13,7.0,17.0,12,
834,2014-09-14,7.0,17.625,14,61.0
835,2014-09-15,2.0,19.75,13,
836,2014-09-16,0.0,20.125,13,
837,2014-09-17,1.0,19.875,18,
838,2014-09-18,0.0,20.5,13,
839,2014-09-19,0.0,20.75,9,5.0
840,2014-09-20,3.0,19.375,7,10.0
841,2014-09-21,4.0,17.0,15,21.0
842,2014-09-22,6.0,13.0,17,21.0
843,2014-09-23,4.0,14.75,6,
844,2014-09-24,7.0,15.375,10,63.0
845,2014-09-25,7.0,14.5,17,61.0
846,2014-09-26,7.0,16.75,13,61.0
847,2014-09-27,2.0,16.375,14,
848,2014-09-28,4.0,18.5,7,
849,2014-09-29,6.0,18.125,6,
850,2014-09-30,7.0,16.5,5,61.0
851,2014-10-01,6.0,17.75,6,10.0
852,2014-10-02,6.0,18.0,6,
853,2014-10-03,3.0,20.0,6,10.0
854,2014-10-04,0.0,18.5,8,5.0
855,2014-10-05,1.0,16.25,7,
856,2014-10-06,2.0,15.75,15,10.0
857,2014-10-07,7.0,13.0,10,65.0
858,2014-10-08,6.0,14.125,10,61.0
859,2014-10-09,5.0,17.875,10,
860,2014-10-10,4.0,16.375,10,
861,2014-10-11,3.0,17.0,5,
862,2014-10-12,5.0,15.125,7,20.0
863,2014-10-13,7.0,12.625,12,63.0
864,2014-10-14,6.0,14.0,5,61.0
865,2014-10-15,7.0,13.875,6,21.0
866,2014-10-16,7.0,13.5,6,61.0
867,2014-10-17,7.0,14.375,10,65.0
868,2014-10-18,7.0,15.25,7,21.0
869,2014-10-19,7.0,17.375,13,95.0
870,2014-10-20,6.0,14.625,18,61.0
871,2014-10-21,7.0,12.5,9,63.0
872,2014-10-22,6.0,13.0,12,0.0
873,2014-10-23,6.0,13.125,7,0.0
874,2014-10-24,7.0,13.5,9,
875,2014-10-25,7.0,12.125,7,61.0
876,2014-10-26,5.0,12.75,9,0.0
877,2014-10-27,2.0,14.5,9,
878,2014-10-28,0.0,13.875,8,
879,2014-10-29,7.0,8.375,7,20.0
880,2014-10-30,2.0,10.625,5,10.0
881,2014-10-31,8.0,12.875,5,10.0
882,2014-11-01,2.0,16.5,8,0.0
883,2014-11-02,3.0,15.375,10,21.0
884,2014-11-03,4.0,13.75,12,0.0
885,2014-11-04,7.0,11.625,8,61.0
886,2014-11-05,7.0,9.5,11,61.0
887,2014-11-06,5.0,8.875,10,0.0
888,2014-11-07,0.0,8.625,9,10.0
889,2014-11-08,6.0,10.25,8,
890,2014-11-09,3.0,10.625,8,
891,2014-11-10,6.0,8.75,7,61.0
892,2014-11-11,2.0,8.625,7,10.0
893,2014-11-12,7.0,9.75,10,10.0
894,2014-11-13,7.0,10.75,4,28.0
895,2014-11-14,7.0,10.75,10,10.0
896,2014-11-15,8.0,9.25,14,10.0
897,2014-11-16,7.0,8.0,14,61.0
898,2014-11-17,7.0,9.625,7,10.0
899,2014-11-18,7.0,8.875,13,61.0
900,2014-11-19,7.0,8.5,11,61.0
901,2014-11-20,5.0,6.125,7,0.0
902,2014-11-21,6.0,6.5,5,61.0
903,2014-11-22,7.0,5.75,9,61.0
904,2014-11-23,6.0,6.75,7,21.0
905,2014-11-24,3.0,9.375,10,0.0
906,2014-11-25,0.0,6.875,4,0.0
907,2014-11-26,3.0,5.625,8,
908,2014-11-27,0.0,4.5,10,10.0
909,2014-11-28,6.0,1.625,16,10.0
910,2014-11-29,8.0,1.0,10,5.0
911,2014-11-30,8.0,0.0,11,10.0
912,2014-12-01,7.0,-2.0,13,10.0
913,2014-12-02,8.0,-3.0,7,10.0
914,2014-12-03,7.0,0.625,10,10.0
915,2014-12-04,8.0,3.75,9,61.0
916,2014-12-05,7.0,2.0,7,61.0
917,2014-12-06,2.0,5.75,7,10.0
918,2014-12-07,7.0,4.875,12,61.0
919,2014-12-08,7.0,3.25,8,61.0
920,2014-12-09,8.0,2.125,9,45.0
921,2014-12-10,5.0,4.875,13,61.0
922,2014-12-11,7.0,4.0,12,95.0
923,2014-12-12,7.0,7.25,18,61.0
924,2014-12-13,5.0,4.75,10,61.0
925,2014-12-14,4.0,3.5,9,10.0
926,2014-12-15,7.0,4.75,11,61.0
927,2014-12-16,8.0,4.625,12,61.0
928,2014-12-17,7.0,3.625,10,61.0
929,2014-12-18,7.0,10.0,11,61.0
930,2014-12-19,5.0,8.125,15,61.0
931,2014-12-20,6.0,5.375,24,21.0
932,2014-12-21,6.0,6.625,14,21.0
933,2014-12-22,7.0,9.75,21,63.0
934,2014-12-23,7.0,9.125,19,61.0
935,2014-12-24,5.0,7.75,21,61.0
936,2014-12-25,7.0,3.125,17,71.0
937,2014-12-26,6.0,0.0,6,22.0
938,2014-12-27,3.0,-0.25,8,
939,2014-12-28,1.0,-0.5,7,0.0
940,2014-12-29,5.0,0.75,10,0.0
941,2014-12-30,7.0,5.25,9,21.0
942,2014-12-31,6.0,7.375,11,61.0
943,2015-01-01,8.0,4.125,13,10.0
944,2015-01-02,6.0,7.75,24,61.0
945,2015-01-03,7.0,4.875,25,69.0
946,2015-01-04,0.0,4.75,15,
947,2015-01-05,8.0,5.875,8,20.0
948,2015-01-06,8.0,3.625,8,10.0
949,2015-01-07,6.0,5.75,10,61.0
950,2015-01-08,8.0,6.375,9,61.0
951,2015-01-09,6.0,7.5,25,63.0
952,2015-01-10,6.0,10.0,28,61.0
953,2015-01-11,5.0,4.25,23,61.0
954,2015-01-12,7.0,7.5,19,61.0
955,2015-01-13,7.0,7.75,14,61.0
956,2015-01-14,6.0,3.125,16,71.0
957,2015-01-15,7.0,6.75,14,61.0
958,2015-01-16,6.0,6.75,13,0.0
959,2015-01-17,1.0,4.25,12,21.0
960,2015-01-18,8.0,2.0,9,61.0
961,2015-01-19,7.0,1.0,5,71.0
962,2015-01-20,7.0,-0.375,4,77.0
963,2015-01-21,8.0,-1.125,4,10.0
964,2015-01-22,7.0,-1.375,3,49.0
965,2015-01-23,8.0,-1.25,5,20.0
966,2015-01-24,7.0,-0.5,10,71.0
967,2015-01-25,6.0,2.875,6,
968,2015-01-26,7.0,3.375,10,61.0
969,2015-01-27,2.0,4.875,13,
970,2015-01-28,7.0,4.875,17,61.0
971,2015-01-29,7.0,1.5,12,75.0
972,2015-01-30,7.0,1.125,6,
973,2015-01-31,7.0,-2.375,7,49.0
974,2015-02-01,7.0,-0.25,9,75.0
975,2015-02-02,6.0,1.0,10,22.0
976,2015-02-03,7.0,-1.0,10,77.0
977,2015-02-04,6.0,-1.875,9,0.0
978,2015-02-05,5.0,0.75,10,22.0
979,2015-02-06,2.0,-0.5,6,22.0
980,2015-02-07,7.0,4.125,18,20.0
981,2015-02-08,1.0,3.375,14,
982,2015-02-09,7.0,6.875,13,61.0
983,2015-02-10,7.0,7.625,11,
984,2015-02-11,8.0,4.0,5,
985,2015-02-12,8.0,2.0,4,10.0
986,2015-02-13,8.0,1.25,6,10.0
987,2015-02-14,7.0,1.625,9,28.0
988,2015-02-15,7.0,3.125,16,10.0
989,2015-02-16,8.0,2.0,9,10.0
990,2015-02-17,6.0,1.125,7,45.0
991,2015-02-18,3.0,5.5,12,10.0
992,2015-02-19,0.0,6.25,13,5.0
993,2015-02-20,8.0,3.875,11,71.0
994,2015-02-21,7.0,3.875,16,61.0
995,2015-02-22,5.0,5.25,13,0.0
996,2015-02-23,7.0,4.5,12,61.0
997,2015-02-24,7.0,5.625,12,61.0
998,2015-02-25,5.0,5.875,10,
999,2015-02-26,5.0,6.625,10,0.0
1000,2015-02-27,7.0,4.5,9,61.0
1001,2015-02-28,3.0,5.625,10,0.0
1002,2015-03-01,7.0,6.75,15,61.0
1003,2015-03-02,6.0,5.125,23,61.0
1004,2015-03-03,6.0,5.0,14,61.0
1005,2015-03-04,6.0,5.0,18,61.0
1006,2015-03-05,7.0,6.625,14,
1007,2015-03-06,7.0,8.125,12,20.0
1008,2015-03-07,7.0,10.125,13,0.0
1009,2015-03-08,0.0,14.0,12,
1010,2015-03-09,4.0,8.375,6,
1011,2015-03-10,3.0,9.5,13,10.0
1012,2015-03-11,0.0,9.125,12,
1013,2015-03-12,0.0,7.125,10,0.0
1014,2015-03-13,6.0,4.875,15,
1015,2015-03-14,7.0,5.125,15,
1016,2015-03-15,7.0,5.75,13,21.0
1017,2015-03-16,2.0,8.625,13,10.0
1018,2015-03-17,1.0,10.75,11,5.0
1019,2015-03-18,4.0,10.625,8,
1020,2015-03-19,0.0,10.375,9,0.0
1021,2015-03-20,7.0,5.0,9,45.0
1022,2015-03-21,7.0,4.5,21,61.0
1023,2015-03-22,0.0,4.375,8,
1024,2015-03-23,0.0,7.75,12,
1025,2015-03-24,6.0,7.875,6,0.0
1026,2015-03-25,6.0,7.875,14,5.0
1027,2015-03-26,7.0,7.125,9,0.0
1028,2015-03-27,7.0,7.0,7,61.0
1029,2015-03-28,7.0,8.5,10,
1030,2015-03-29,7.0,8.25,12,61.0
1031,2015-03-30,6.0,6.5,29,61.0
1032,2015-03-31,7.0,6.375,35,61.0
1033,2015-04-01,4.0,5.0,24,22.0
1034,2015-04-02,6.0,6.5,19,61.0
1035,2015-04-03,5.0,7.375,14,
1036,2015-04-04,0.0,8.375,11,
1037,2015-04-05,3.0,8.625,11,
1038,2015-04-06,0.0,7.75,10,
1039,2015-04-07,7.0,7.75,14,61.0
1040,2015-04-08,2.0,12.0,11,
1041,2015-04-09,2.0,11.875,7,0.0
1042,2015-04-10,1.0,14.125,8,5.0
1043,2015-04-11,2.0,16.75,14,61.0
1044,2015-04-12,5.0,12.375,16,
1045,2015-04-13,4.0,8.875,21,61.0
1046,2015-04-14,7.0,10.75,17,61.0
1047,2015-04-15,0.0,15.5,19,5.0
1048,2015-04-16,6.0,9.375,16,21.0
1049,2015-04-17,0.0,10.5,15,
1050,2015-04-18,0.0,10.875,8,
1051,2015-04-19,0.0,10.125,11,
1052,2015-04-20,0.0,14.25,9,
1053,2015-04-21,0.0,14.625,17,5.0
1054,2015-04-22,0.0,12.125,7,
1055,2015-04-23,1.0,13.625,12,
1056,2015-04-24,2.0,13.875,9,20.0
1057,2015-04-25,7.0,13.75,8,63.0
1058,2015-04-26,8.0,7.0,11,61.0
1059,2015-04-27,4.0,10.125,11,
1060,2015-04-28,3.0,10.25,13,
1061,2015-04-29,5.0,12.625,12,
1062,2015-04-30,6.0,11.375,10,61.0
1063,2015-05-01,6.0,10.0,6,21.0
1064,2015-05-02,3.0,11.0,12,0.0
1065,2015-05-03,1.0,14.75,12,61.0
1066,2015-05-04,5.0,15.875,13,21.0
1067,2015-05-05,4.0,20.0,15,95.0
1068,2015-05-06,3.0,17.125,11,21.0
1069,2015-05-07,6.0,12.0,16,21.0
1070,2015-05-08,2.0,11.5,11,
1071,2015-05-09,7.0,13.5,14,61.0
1072,2015-05-10,2.0,12.75,18,0.0
1073,2015-05-11,0.0,19.75,11,
1074,2015-05-12,7.0,14.625,14,63.0
1075,2015-05-13,7.0,11.875,16,21.0
1076,2015-05-14,7.0,11.25,10,20.0
1077,2015-05-15,6.0,13.5,9,
1078,2015-05-16,7.0,10.5,11,61.0
1079,2015-05-17,3.0,12.625,17,21.0
1080,2015-05-18,6.0,11.625,8,61.0
1081,2015-05-19,6.0,10.125,11,63.0
1082,2015-05-20,5.0,12.25,9,63.0
1083,2015-05-21,6.0,12.625,10,61.0
1084,2015-05-22,4.0,17.0,12,
1085,2015-05-23,5.0,13.375,8,0.0
1086,2015-05-24,2.0,14.375,8,
1087,2015-05-25,7.0,11.75,10,61.0
1088,2015-05-26,6.0,13.0,14,21.0
1089,2015-05-27,7.0,12.625,13,61.0
1090,2015-05-28,6.0,13.125,12,63.0
1091,2015-05-29,6.0,14.625,8,61.0
1092,2015-05-30,4.0,11.625,15,61.0
1093,2015-05-31,7.0,14.5,10,61.0
1094,2015-06-01,5.0,14.25,16,
1095,2015-06-02,7.0,14.25,14,61.0
1096,2015-06-03,6.0,15.25,18,21.0
1097,2015-06-04,0.0,16.375,9,0.0
1098,2015-06-05,0.0,22.625,9,
1099,2015-06-06,3.0,18.5,19,10.0
1100,2015-06-07,4.0,16.625,15,
1101,2015-06-08,6.0,14.375,12,
1102,2015-06-09,3.0,15.25,8,
1103,2015-06-10,0.0,18.0,7,
1104,2015-06-11,1.0,16.0,10,
1105,2015-06-12,0.0,20.25,10,
1106,2015-06-13,6.0,21.875,12,61.0
1107,2015-06-14,7.0,14.375,12,
1108,2015-06-15,8.0,13.625,11,21.0
1109,2015-06-16,7.0,13.625,14,
1110,2015-06-17,7.0,16.5,9,61.0
1111,2015-06-18,7.0,13.25,13,61.0
1112,2015-06-19,7.0,14.25,14,61.0
1113,2015-06-20,5.0,17.125,13,
1114,2015-06-21,6.0,15.75,6,
1115,2015-06-22,5.0,13.5,8,61.0
1116,2015-06-23,5.0,16.5,10,21.0
1117,2015-06-24,8.0,12.625,14,61.0
1118,2015-06-25,6.0,17.125,8,21.0
1119,2015-06-26,7.0,19.25,5,61.0
1120,2015-06-27,7.0,19.375,16,61.0
1121,2015-06-28,2.0,19.875,10,
1122,2015-06-29,3.0,21.5,12,
1123,2015-06-30,3.0,20.25,9,
1124,2015-07-01,0.0,23.125,13,
1125,2015-07-02,0.0,27.375,12,
1126,2015-07-03,1.0,25.625,10,
1127,2015-07-04,0.0,26.5,10,
1128,2015-07-05,4.0,25.25,9,21.0
1129,2015-07-06,3.0,19.875,16,
1130,2015-07-07,4.0,24.75,9,61.0
1131,2015-07-08,6.0,16.625,16,63.0
1132,2015-07-09,6.0,14.375,24,61.0
1133,2015-07-10,3.0,16.125,18,21.0
1134,2015-07-11,6.0,17.75,9,21.0
1135,2015-07-12,7.0,19.25,12,61.0
1136,2015-07-13,6.0,19.375,11,
1137,2015-07-14,3.0,19.625,9,0.0
1138,2015-07-15,3.0,20.125,14,
1139,2015-07-16,4.0,18.75,7,
1140,2015-07-17,4.0,23.25,12,21.0
1141,2015-07-18,2.0,20.875,16,
1142,2015-07-19,7.0,14.5,5,63.0
1143,2015-07-20,6.0,18.375,12,20.0
1144,2015-07-21,3.0,21.375,16,0.0
1145,2015-07-22,2.0,23.75,12,0.0
1146,2015-07-23,5.0,18.375,12,61.0
1147,2015-07-24,7.0,19.375,10,
1148,2015-07-25,6.0,20.0,10,95.0
1149,2015-07-26,5.0,16.75,19,61.0
1150,2015-07-27,7.0,15.875,8,61.0
1151,2015-07-28,7.0,17.375,15,63.0
1152,2015-07-29,5.0,14.875,12,61.0
1153,2015-07-30,7.0,14.0,16,61.0
1154,2015-07-31,7.0,15.875,15,
1155,2015-08-01,0.0,17.625,12,
1156,2015-08-02,0.0,21.5,8,
1157,2015-08-03,0.0,26.0,7,
1158,2015-08-04,2.0,26.5,15,61.0
1159,2015-08-05,2.0,21.75,8,21.0
1160,2015-08-06,1.0,27.625,6,
1161,2015-08-07,4.0,20.0,9,63.0
1162,2015-08-08,6.0,19.125,10,
1163,2015-08-09,0.0,21.0,10,
1164,2015-08-10,3.0,22.5,8,21.0
1165,2015-08-11,4.0,22.125,7,
1166,2015-08-12,5.0,19.125,9,21.0
1167,2015-08-13,0.0,20.75,13,0.0
1168,2015-08-14,4.0,24.0,14,
1169,2015-08-15,7.0,20.875,8,61.0
1170,2015-08-16,6.0,21.5,10,0.0
1171,2015-08-17,7.0,19.375,14,61.0
1172,2015-08-18,7.0,19.25,13,21.0
1173,2015-08-19,3.0,19.625,8,5.0
1174,2015-08-20,1.0,20.375,8,10.0
1175,2015-08-21,1.0,22.875,7,0.0
1176,2015-08-22,0.0,23.5,12,
1177,2015-08-23,0.0,21.625,18,0.0
1178,2015-08-24,6.0,20.75,8,
1179,2015-08-25,6.0,17.75,12,21.0
1180,2015-08-26,5.0,22.125,9,
1181,2015-08-27,6.0,18.125,12,61.0
1182,2015-08-28,2.0,19.625,11,20.0
1183,2015-08-29,4.0,20.125,6,
1184,2015-08-30,5.0,19.375,10,21.0
1185,2015-08-31,3.0,21.875,8,65.0
1186,2015-09-01,8.0,17.625,12,61.0
1187,2015-09-02,5.0,17.0,13,21.0
1188,2015-09-03,3.0,17.75,8,
1189,2015-09-04,7.0,15.625,10,61.0
1190,2015-09-05,5.0,14.125,20,61.0
1191,2015-09-06,5.0,17.0,18,
1192,2015-09-07,0.0,17.25,12,
1193,2015-09-08,2.0,17.5,9,0.0
1194,2015-09-09,1.0,16.875,10,
1195,2015-09-10,1.0,17.625,14,
1196,2015-09-11,7.0,15.0,12,61.0
1197,2015-09-12,5.0,18.5,8,
1198,2015-09-13,6.0,18.5,5,20.0
1199,2015-09-14,7.0,17.625,6,63.0
1200,2015-09-15,4.0,13.875,10,95.0
1201,2015-09-16,7.0,15.25,6,61.0
1202,2015-09-17,6.0,18.0,12,61.0
1203,2015-09-18,5.0,17.25,10,0.0
1204,2015-09-19,7.0,15.25,7,61.0
1205,2015-09-20,3.0,15.625,15,21.0
1206,2015-09-21,7.0,13.375,6,61.0
1207,2015-09-22,7.0,14.25,7,61.0
1208,2015-09-23,7.0,14.0,5,20.0
1209,2015-09-24,3.0,16.0,11,0.0
1210,2015-09-25,4.0,14.875,8,61.0
1211,2015-09-26,4.0,15.25,7,21.0
1212,2015-09-27,1.0,15.25,8,
1213,2015-09-28,2.0,14.625,7,0.0
1214,2015-09-29,2.0,15.625,9,0.0
1215,2015-09-30,0.0,15.375,6,0.0
1216,2015-10-01,1.0,14.75,9,0.0
1217,2015-10-02,2.0,15.375,7,10.0
1218,2015-10-03,2.0,14.375,9,0.0
1219,2015-10-04,6.0,15.625,7,45.0
1220,2015-10-05,0.0,16.5,5,10.0
1221,2015-10-06,7.0,14.875,14,10.0
1222,2015-10-07,8.0,13.0,7,63.0
1223,2015-10-08,7.0,11.875,5,10.0
1224,2015-10-09,7.0,11.125,7,21.0
1225,2015-10-10,1.0,9.75,14,0.0
1226,2015-10-11,0.0,10.25,13,5.0
1227,2015-10-12,0.0,8.625,12,5.0
1228,2015-10-13,7.0,7.75,10,61.0
1229,2015-10-14,7.0,9.0,11,61.0
1230,2015-10-15,7.0,10.375,16,61.0
1231,2015-10-16,7.0,10.0,14,61.0
1232,2015-10-17,7.0,10.75,9,61.0
1233,2015-10-18,8.0,11.125,10,61.0
1234,2015-10-19,6.0,9.25,7,0.0
1235,2015-10-20,7.0,10.25,8,20.0
1236,2015-10-21,7.0,11.25,7,
1237,2015-10-22,7.0,12.25,10,61.0
1238,2015-10-23,1.0,13.375,15,
1239,2015-10-24,8.0,12.375,6,
1240,2015-10-25,2.0,12.25,15,
1241,2015-10-26,0.0,11.375,6,0.0
1242,2015-10-27,0.0,10.75,10,
1243,2015-10-28,1.0,11.25,10,5.0
1244,2015-10-29,2.0,10.5,4,10.0
1245,2015-10-30,7.0,11.375,5,10.0
1246,2015-10-31,1.0,11.75,9,10.0
1247,2015-11-01,4.0,10.75,6,10.0
1248,2015-11-02,8.0,9.75,5,10.0
1249,2015-11-03,7.0,5.125,4,45.0
1250,2015-11-04,1.0,8.0,4,10.0
1251,2015-11-05,6.0,13.375,5,61.0
1252,2015-11-06,8.0,13.75,6,61.0
1253,2015-11-07,7.0,14.625,9,61.0
1254,2015-11-08,1.0,13.0,12,
1255,2015-11-09,5.0,12.0,15,21.0
1256,2015-11-10,7.0,15.0,18,61.0
1257,2015-11-11,8.0,13.625,12,61.0
1258,2015-11-12,2.0,13.125,17,0.0
1259,2015-11-13,4.0,11.75,19,21.0
1260,2015-11-14,4.0,8.125,14,21.0
1261,2015-11-15,7.0,8.5,4,61.0
1262,2015-11-16,7.0,12.25,12,53.0
1263,2015-11-17,7.0,10.75,8,21.0
1264,2015-11-18,6.0,10.75,19,21.0
1265,2015-11-19,7.0,10.125,20,61.0
1266,2015-11-20,7.0,7.75,9,61.0
1267,2015-11-21,7.0,4.5,15,63.0
1268,2015-11-22,7.0,2.25,18,73.0
1269,2015-11-23,4.0,3.125,8,
1270,2015-11-24,7.0,3.125,14,61.0
1271,2015-11-25,7.0,5.125,7,61.0
1272,2015-11-26,0.0,5.5,7,
1273,2015-11-27,7.0,5.25,11,
1274,2015-11-28,2.0,6.125,11,61.0
1275,2015-11-29,7.0,8.25,15,63.0
1276,2015-11-30,5.0,5.75,18,61.0
1277,2015-12-01,6.0,6.75,10,21.0
1278,2015-12-02,7.0,10.5,9,21.0
1279,2015-12-03,8.0,9.125,8,61.0
1280,2015-12-04,6.0,9.25,17,61.0
1281,2015-12-05,6.0,9.0,14,61.0
1282,2015-12-06,7.0,10.875,19,20.0
1283,2015-12-07,6.0,8.25,3,
1284,2015-12-08,0.0,10.75,8,0.0
1285,2015-12-09,3.0,8.75,12,21.0
1286,2015-12-10,7.0,6.625,13,21.0
1287,2015-12-11,5.0,6.125,11,63.0
1288,2015-12-12,3.0,6.875,10,61.0
1289,2015-12-13,1.0,5.25,9,
1290,2015-12-14,7.0,3.625,6,21.0
1291,2015-12-15,7.0,5.5,8,61.0
1292,2015-12-16,8.0,6.25,7,10.0
1293,2015-12-17,7.0,11.875,9,53.0
1294,2015-12-18,8.0,10.375,15,61.0
1295,2015-12-19,6.0,11.375,10,0.0
1296,2015-12-20,5.0,12.5,9,
1297,2015-12-21,7.0,10.25,14,21.0
1298,2015-12-22,7.0,11.25,17,61.0
1299,2015-12-23,6.0,10.375,20,61.0
1300,2015-12-24,3.0,8.375,11,61.0
1301,2015-12-25,2.0,7.875,14,0.0
1302,2015-12-26,7.0,12.75,18,63.0
1303,2015-12-27,7.0,10.875,15,61.0
1304,2015-12-28,8.0,4.75,11,
1305,2015-12-29,7.0,5.125,11,
1306,2015-12-30,8.0,5.25,9,0.0
1307,2015-12-31,7.0,2.0,10,61.0
1308,2016-01-01,7.0,4.5,6,28.0
1309,2016-01-02,8.0,0.0,16,10.0
1310,2016-01-03,7.0,-5.5,13,0.0
1311,2016-01-04,5.0,-6.0,15,10.0
1312,2016-01-05,1.0,-3.625,14,5.0
1313,2016-01-06,0.0,-3.0,12,5.0
1314,2016-01-07,7.0,-4.0,13,22.0
1315,2016-01-08,7.0,1.75,20,61.0
1316,2016-01-09,4.0,2.875,6,21.0
1317,2016-01-10,7.0,2.125,8,63.0
1318,2016-01-11,7.0,2.5,6,45.0
1319,2016-01-12,7.0,4.0,8,63.0
1320,2016-01-13,8.0,1.875,14,61.0
1321,2016-01-14,6.0,1.75,6,10.0
1322,2016-01-15,7.0,2.125,12,10.0
1323,2016-01-16,7.0,0.5,5,10.0
1324,2016-01-17,3.0,-1.375,9,
1325,2016-01-18,6.0,-1.75,6,10.0
1326,2016-01-19,7.0,-2.5,10,73.0
1327,2016-01-20,7.0,-1.625,8,28.0
1328,2016-01-21,4.0,-4.875,5,20.0
1329,2016-01-22,1.0,-3.0,7,10.0
1330,2016-01-23,6.0,3.125,6,49.0
1331,2016-01-24,7.0,5.125,7,10.0
1332,2016-01-25,8.0,9.0,9,45.0
1333,2016-01-26,7.0,7.875,9,
1334,2016-01-27,7.0,10.375,15,61.0
1335,2016-01-28,5.0,6.75,16,21.0
1336,2016-01-29,7.0,8.125,17,61.0
1337,2016-01-30,7.0,6.625,17,65.0
1338,2016-01-31,6.0,4.125,13,61.0
1339,2016-02-01,7.0,7.875,21,61.0
1340,2016-02-02,6.0,7.5,20,61.0
1341,2016-02-03,6.0,4.75,15,61.0
1342,2016-02-04,5.0,4.25,12,22.0
1343,2016-02-05,7.0,4.5,10,61.0
1344,2016-02-06,7.0,9.375,11,21.0
1345,2016-02-07,6.0,9.75,12,21.0
1346,2016-02-08,7.0,8.5,16,63.0
1347,2016-02-09,5.0,6.75,15,61.0
1348,2016-02-10,7.0,3.75,9,61.0
1349,2016-02-11,7.0,5.25,7,61.0
1350,2016-02-12,7.0,3.5,6,61.0
1351,2016-02-13,6.0,2.0,8,20.0
1352,2016-02-14,8.0,2.875,20,61.0
1353,2016-02-15,8.0,0.75,14,
1354,2016-02-16,0.0,2.125,5,
1355,2016-02-17,1.0,1.75,10,0.0
1356,2016-02-18,5.0,1.875,6,10.0
1357,2016-02-19,7.0,3.25,6,61.0
1358,2016-02-20,7.0,6.0,12,61.0
1359,2016-02-21,7.0,6.875,12,61.0
1360,2016-02-22,6.0,5.875,15,61.0
1361,2016-02-23,4.0,6.125,17,61.0
1362,2016-02-24,3.0,4.0,15,61.0
1363,2016-02-25,6.0,3.5,10,53.0
1364,2016-02-26,6.0,3.625,8,
1365,2016-02-27,4.0,1.5,5,45.0
1366,2016-02-28,1.0,3.5,6,0.0
1367,2016-02-29,7.0,2.125,10,0.0
1368,2016-03-01,5.0,2.25,8,
1369,2016-03-02,7.0,5.0,16,63.0
1370,2016-03-03,7.0,4.75,5,21.0
1371,2016-03-04,2.0,3.875,9,10.0
1372,2016-03-05,8.0,3.25,5,61.0
1373,2016-03-06,7.0,4.5,11,10.0
1374,2016-03-07,6.0,4.75,10,20.0
1375,2016-03-08,6.0,5.0,10,61.0
1376,2016-03-09,0.0,6.75,9,5.0
1377,2016-03-10,8.0,4.375,11,10.0
1378,2016-03-11,8.0,3.5,11,
1379,2016-03-12,8.0,2.75,7,0.0
1380,2016-03-13,8.0,0.875,8,10.0
1381,2016-03-14,8.0,5.0,8,10.0
1382,2016-03-15,5.0,5.75,12,61.0
1383,2016-03-16,1.0,6.375,11,0.0
1384,2016-03-17,0.0,9.25,12,0.0
1385,2016-03-18,8.0,5.375,9,21.0
1386,2016-03-19,7.0,6.0,15,45.0
1387,2016-03-20,6.0,8.625,15,61.0
1388,2016-03-21,7.0,7.5,19,61.0
1389,2016-03-22,7.0,8.125,13,61.0
1390,2016-03-23,1.0,9.125,13,
1391,2016-03-24,7.0,7.375,10,21.0
1392,2016-03-25,8.0,7.875,7,61.0
1393,2016-03-26,1.0,9.75,9,0.0
1394,2016-03-27,7.0,8.625,12,61.0
1395,2016-03-28,6.0,11.625,18,61.0
1396,2016-03-29,6.0,10.0,13,21.0
1397,2016-03-30,5.0,8.5,15,61.0
1398,2016-03-31,4.0,9.0,13,21.0
1399,2016-04-01,0.0,9.125,7,
1400,2016-04-02,3.0,12.75,8,
1401,2016-04-03,7.0,15.5,5,21.0
1402,2016-04-04,6.0,17.375,6,21.0
1403,2016-04-05,7.0,10.0,7,61.0
1404,2016-04-06,6.0,11.125,12,61.0
1405,2016-04-07,6.0,8.625,13,21.0
1406,2016-04-08,6.0,9.0,9,63.0
1407,2016-04-09,4.0,10.125,11,0.0
1408,2016-04-10,7.0,10.875,13,
1409,2016-04-11,1.0,10.0,15,5.0
1410,2016-04-12,6.0,8.0,9,61.0
1411,2016-04-13,5.0,9.75,11,10.0
1412,2016-04-14,6.0,10.0,8,0.0
1413,2016-04-15,7.0,10.625,8,61.0
1414,2016-04-16,6.0,12.75,15,53.0
1415,2016-04-17,4.0,9.875,19,21.0
1416,2016-04-18,7.0,9.625,16,21.0
1417,2016-04-19,5.0,9.5,23,21.0
1418,2016-04-20,2.0,10.5,17,
1419,2016-04-21,2.0,11.625,16,
1420,2016-04-22,5.0,10.5,12,
1421,2016-04-23,3.0,8.875,17,21.0
1422,2016-04-24,4.0,5.75,10,21.0
1423,2016-04-25,8.0,4.625,10,61.0
1424,2016-04-26,7.0,2.5,7,75.0
1425,2016-04-27,7.0,4.875,8,61.0
1426,2016-04-28,6.0,7.5,16,61.0
1427,2016-04-29,6.0,9.75,13,61.0
1428,2016-04-30,8.0,8.0,7,61.0
1429,2016-05-01,0.0,10.75,9,
1430,2016-05-02,1.0,17.875,6,
1431,2016-05-03,6.0,11.375,15,61.0
1432,2016-05-04,1.0,12.375,10,
1433,2016-05-05,0.0,15.125,13,
1434,2016-05-06,0.0,19.0,14,
1435,2016-05-07,0.0,22.125,12,
1436,2016-05-08,0.0,21.375,17,
1437,2016-05-09,0.0,19.875,12,
1438,2016-05-10,0.0,20.875,14,
1439,2016-05-11,0.0,20.625,15,
1440,2016-05-12,0.0,15.625,17,0.0
1441,2016-05-13,2.0,17.5,16,65.0
1442,2016-05-14,7.0,10.0,14,21.0
1443,2016-05-15,6.0,9.75,12,61.0
1444,2016-05-16,5.0,11.25,16,
1445,2016-05-17,7.0,10.75,15,21.0
1446,2016-05-18,5.0,16.75,7,
1447,2016-05-19,2.0,19.5,10,0.0
1448,2016-05-20,8.0,14.75,11,61.0
1449,2016-05-21,6.0,19.375,9,21.0
1450,2016-05-22,1.0,25.0,9,
1451,2016-05-23,7.0,15.5,8,21.0
1452,2016-05-24,8.0,14.25,10,21.0
1453,2016-05-25,7.0,16.5,6,20.0
1454,2016-05-26,7.0,14.375,6,61.0
1455,2016-05-27,4.0,15.875,9,61.0
1456,2016-05-28,2.0,18.625,11,
1457,2016-05-29,6.0,17.0,13,21.0
1458,2016-05-30,4.0,20.25,17,0.0
1459,2016-05-31,1.0,20.625,13,0.0
1460,2016-06-01,4.0,21.75,16,0.0
1461,2016-06-02,1.0,21.5,13,
1462,2016-06-03,0.0,21.875,10,
1463,2016-06-04,0.0,24.5,7,
1464,2016-06-05,0.0,25.25,9,
1465,2016-06-06,1.0,22.875,15,
1466,2016-06-07,1.0,25.375,8,
1467,2016-06-08,4.0,18.875,13,
1468,2016-06-09,1.0,19.5,16,
1469,2016-06-10,3.0,18.125,13,
1470,2016-06-11,0.0,17.375,12,
1471,2016-06-12,7.0,13.875,7,61.0
1472,2016-06-13,7.0,15.25,11,63.0
1473,2016-06-14,7.0,16.5,8,61.0
1474,2016-06-15,6.0,18.25,8,95.0
1475,2016-06-16,6.0,18.25,7,63.0
1476,2016-06-17,6.0,18.125,10,21.0
1477,2016-06-18,6.0,18.0,12,21.0
1478,2016-06-19,7.0,16.0,14,
1479,2016-06-20,4.0,20.875,10,61.0
1480,2016-06-21,4.0,19.875,9,
1481,2016-06-22,5.0,22.125,9,61.0
1482,2016-06-23,5.0,27.875,8,
1483,2016-06-24,5.0,24.125,9,
1484,2016-06-25,7.0,18.25,14,95.0
1485,2016-06-26,5.0,19.25,11,0.0
1486,2016-06-27,7.0,19.375,10,61.0
1487,2016-06-28,4.0,18.375,11,21.0
1488,2016-06-29,5.0,18.75,9,21.0
1489,2016-06-30,7.0,18.25,9,61.0
1490,2016-07-01,8.0,19.25,7,63.0
1491,2016-07-02,7.0,15.625,12,61.0
1492,2016-07-03,4.0,17.125,12,61.0
1493,2016-07-04,6.0,17.25,10,61.0
1494,2016-07-05,7.0,17.125,10,95.0
1495,2016-07-06,5.0,16.5,22,21.0
1496,2016-07-07,6.0,18.25,11,21.0
1497,2016-07-08,6.0,19.125,8,63.0
1498,2016-07-09,5.0,19.125,12,
1499,2016-07-10,6.0,24.125,8,
1500,2016-07-11,6.0,20.0,13,21.0
1501,2016-07-12,4.0,19.125,14,95.0
1502,2016-07-13,6.0,16.375,6,63.0
1503,2016-07-14,7.0,16.375,12,53.0
1504,2016-07-15,7.0,17.0,16,61.0
1505,2016-07-16,7.0,18.0,10,61.0
1506,2016-07-17,7.0,17.25,9,61.0
1507,2016-07-18,7.0,18.5,15,21.0
1508,2016-07-19,6.0,22.375,12,20.0
1509,2016-07-20,0.0,26.0,9,
1510,2016-07-21,3.0,25.875,8,
1511,2016-07-22,3.0,26.0,6,21.0
1512,2016-07-23,3.0,25.375,9,
1513,2016-07-24,0.0,25.25,10,
1514,2016-07-25,4.0,25.375,7,95.0
1515,2016-07-26,3.0,21.875,9,20.0
1516,2016-07-27,4.0,21.375,6,
1517,2016-07-28,4.0,21.25,7,20.0
1518,2016-07-29,6.0,21.0,10,65.0
1519,2016-07-30,4.0,19.625,10,65.0
1520,2016-07-31,7.0,17.375,6,61.0
1521,2016-08-01,3.0,18.5,14,61.0
1522,2016-08-02,4.0,19.75,7,20.0
1523,2016-08-03,7.0,19.375,9,61.0
1524,2016-08-04,6.0,20.375,11,61.0
1525,2016-08-05,4.0,20.5,15,21.0
1526,2016-08-06,5.0,17.5,14,95.0
1527,2016-08-07,6.0,21.125,13,21.0
1528,2016-08-08,5.0,19.0,18,21.0
1529,2016-08-09,5.0,15.375,18,21.0
1530,2016-08-10,4.0,14.5,15,95.0
1531,2016-08-11,7.0,13.875,9,61.0
1532,2016-08-12,7.0,18.25,12,61.0
1533,2016-08-13,7.0,18.125,12,61.0
1534,2016-08-14,6.0,18.125,12,21.0
1535,2016-08-15,5.0,18.625,11,
1536,2016-08-16,2.0,19.375,10,
1537,2016-08-17,0.0,19.571428,8,
1538,2016-08-18,3.0,18.25,9,
1539,2016-08-19,3.0,20.375,8,
1540,2016-08-20,7.0,20.25,9,61.0
1541,2016-08-21,4.0,19.875,9,21.0
1542,2016-08-22,7.0,18.375,10,65.0
1543,2016-08-23,6.0,21.75,8,
1544,2016-08-24,0.0,25.375,6,
1545,2016-08-25,0.0,28.375,6,
1546,2016-08-26,0.0,27.75,13,
1547,2016-08-27,0.0,20.375,8,
1548,2016-08-28,4.0,21.875,12,63.0
1549,2016-08-29,3.0,18.5,15,21.0
1550,2016-08-30,2.0,20.25,12,
1551,2016-08-31,0.0,23.125,6,
1552,2016-09-01,5.0,20.25,13,21.0
1553,2016-09-02,4.0,19.125,8,61.0
1554,2016-09-03,5.0,19.25,12,21.0
1555,2016-09-04,6.0,19.25,8,61.0
1556,2016-09-05,0.0,19.125,12,0.0
1557,2016-09-06,2.0,21.75,6,
1558,2016-09-07,0.0,23.625,6,
1559,2016-09-08,0.0,25.625,7,
1560,2016-09-09,2.0,21.375,10,0.0
1561,2016-09-10,0.0,23.875,6,
1562,2016-09-11,6.0,20.875,10,
1563,2016-09-12,0.0,25.375,8,
1564,2016-09-13,0.0,27.875,8,
1565,2016-09-14,0.0,25.25,9,
1566,2016-09-15,0.0,23.75,13,
1567,2016-09-16,4.0,22.75,8,0.0
1568,2016-09-17,5.0,18.875,14,
1569,2016-09-18,7.0,16.75,15,21.0
1570,2016-09-19,7.0,17.0,9,
1571,2016-09-20,5.0,17.5,8,
1572,2016-09-21,3.0,18.375,10,
1573,2016-09-22,4.0,18.5,6,
1574,2016-09-23,4.0,18.625,12,21.0
1575,2016-09-24,0.0,18.625,6,
1576,2016-09-25,0.0,21.375,8,
1577,2016-09-26,4.0,18.25,6,0.0
1578,2016-09-27,0.0,19.875,6,0.0
1579,2016-09-28,6.0,19.125,19,
1580,2016-09-29,7.0,17.375,13,61.0
1581,2016-09-30,6.0,14.0,11,61.0
1582,2016-10-01,3.0,15.875,6,
1583,2016-10-02,3.0,15.75,7,21.0
1584,2016-10-03,7.0,14.375,18,61.0
1585,2016-10-04,5.0,13.25,16,
1586,2016-10-05,3.0,12.0,19,
1587,2016-10-06,7.0,11.25,17,20.0
1588,2016-10-07,7.0,11.125,15,0.0
1589,2016-10-08,5.0,11.625,16,
1590,2016-10-09,7.0,9.125,10,61.0
1591,2016-10-10,7.0,11.125,10,61.0
1592,2016-10-11,7.0,9.875,20,61.0
1593,2016-10-12,7.0,9.75,18,63.0
1594,2016-10-13,6.0,10.875,15,0.0
1595,2016-10-14,7.0,9.125,13,61.0
1596,2016-10-15,8.0,8.625,12,61.0
1597,2016-10-16,8.0,11.375,6,10.0
1598,2016-10-17,8.0,9.75,6,10.0
1599,2016-10-18,7.0,13.25,6,28.0
1600,2016-10-19,8.0,7.625,4,61.0
1601,2016-10-20,7.0,10.125,10,21.0
1602,2016-10-21,6.0,9.875,10,61.0
1603,2016-10-22,8.0,8.125,12,61.0
1604,2016-10-23,7.0,8.625,4,21.0
1605,2016-10-24,5.0,9.25,8,10.0
1606,2016-10-25,5.0,9.0,8,0.0
1607,2016-10-26,6.0,7.375,6,10.0
1608,2016-10-27,7.0,13.375,9,21.0
1609,2016-10-28,6.0,12.75,15,21.0
1610,2016-10-29,4.0,11.375,16,20.0
1611,2016-10-30,4.0,11.0,9,5.0
1612,2016-10-31,7.0,12.125,6,61.0
1613,2016-11-01,6.0,10.125,12,61.0
1614,2016-11-02,4.0,7.25,13,21.0
1615,2016-11-03,4.0,5.875,5,
1616,2016-11-04,7.0,7.875,8,61.0
1617,2016-11-05,7.0,5.5,5,61.0
1618,2016-11-06,7.0,6.625,6,61.0
1619,2016-11-07,7.0,3.5,14,61.0
1620,2016-11-08,7.0,0.75,14,71.0
1621,2016-11-09,0.0,1.25,4,10.0
1622,2016-11-10,7.0,4.0,8,22.0
1623,2016-11-11,4.0,4.875,10,21.0
1624,2016-11-12,3.0,1.625,6,49.0
1625,2016-11-13,4.0,1.375,9,5.0
1626,2016-11-14,4.0,2.0,10,5.0
1627,2016-11-15,7.0,7.75,9,61.0
1628,2016-11-16,7.0,8.75,11,61.0
1629,2016-11-17,6.0,7.75,9,21.0
1630,2016-11-18,4.0,7.25,13,21.0
1631,2016-11-19,6.0,6.625,11,21.0
1632,2016-11-20,6.0,6.375,12,63.0
1633,2016-11-21,7.0,11.5,6,61.0
1634,2016-11-22,7.0,12.125,7,
1635,2016-11-23,7.0,10.0,5,10.0
1636,2016-11-24,0.0,4.5,8,10.0
1637,2016-11-25,7.0,4.0,4,45.0
1638,2016-11-26,7.0,5.875,10,61.0
1639,2016-11-27,0.0,5.625,9,5.0
1640,2016-11-28,1.0,2.875,11,
1641,2016-11-29,3.0,3.0,9,10.0
1642,2016-11-30,7.0,6.25,12,61.0
1643,2016-12-01,8.0,8.5,19,61.0
1644,2016-12-02,0.0,3.625,8,0.0
1645,2016-12-03,4.0,-0.75,6,49.0
1646,2016-12-04,8.0,4.125,6,
1647,2016-12-05,7.0,3.0,7,
1648,2016-12-06,7.0,6.25,5,61.0
1649,2016-12-07,7.0,4.5,10,61.0
1650,2016-12-08,8.0,8.625,12,10.0
1651,2016-12-09,7.0,8.875,13,20.0
1652,2016-12-10,7.0,9.5,10,61.0
1653,2016-12-12,7.0,4.875,4,61.0
1654,2016-12-13,7.0,6.285714,5,10.0
1655,2016-12-14,7.0,4.625,6,45.0
1656,2016-12-15,7.0,0.0,8,49.0
1657,2016-12-16,8.0,-1.0,5,10.0
1658,2016-12-17,8.0,2.125,6,10.0
1659,2016-12-18,7.0,7.0,8,0.0
1660,2016-12-19,8.0,5.75,4,0.0
1661,2016-12-20,8.0,1.5,7,10.0
1662,2016-12-21,6.0,3.625,10,10.0
1663,2016-12-22,7.0,5.25,8,61.0
1664,2016-12-23,7.0,6.375,9,10.0
1665,2016-12-24,6.0,6.125,14,95.0
1666,2016-12-25,7.0,9.375,16,61.0
1667,2016-12-26,4.0,6.875,25,22.0
1668,2016-12-27,6.0,8.25,21,
1669,2016-12-28,4.0,7.125,12,0.0
1670,2016-12-29,3.0,3.75,11,10.0
1671,2016-12-30,4.0,1.75,10,10.0
1672,2016-12-31,7.0,4.875,13,28.0
1673,2017-01-01,8.0,5.5,12,61.0
1674,2017-01-02,3.0,1.625,8,0.0
1675,2017-01-03,7.0,6.0,16,61.0
1676,2017-01-04,4.0,4.0,19,20.0
1677,2017-01-05,4.0,-2.875,15,0.0
1678,2017-01-06,1.0,-4.25,6,
1679,2017-01-07,8.0,-0.5,11,71.0
1680,2017-01-08,8.0,2.25,4,10.0
1681,2017-01-09,8.0,2.5,6,20.0
1682,2017-01-10,7.0,2.625,9,10.0
1683,2017-01-11,7.0,4.625,15,61.0
1684,2017-01-12,4.0,4.5,16,61.0
1685,2017-01-13,3.0,3.125,7,61.0
1686,2017-01-14,2.0,1.75,10,61.0
1687,2017-01-15,5.0,1.375,10,71.0
1688,2017-01-16,0.0,0.25,9,0.0
1689,2017-01-17,7.0,0.5,4,10.0
1690,2017-01-18,7.0,0.125,8,20.0
1691,2017-01-19,8.0,1.5,8,61.0
1692,2017-01-20,8.0,3.625,5,21.0
1693,2017-01-21,7.0,5.75,5,10.0
1694,2017-01-22,8.0,1.375,5,10.0
1695,2017-01-23,7.0,1.125,8,10.0
1696,2017-01-24,7.0,1.875,8,45.0
1697,2017-01-25,7.0,-1.25,6,49.0
1698,2017-01-26,6.0,1.0,7,10.0
1699,2017-01-27,0.0,2.142857,7,5.0
1700,2017-01-28,1.0,2.875,5,5.0
1701,2017-01-29,7.0,4.75,8,61.0
1702,2017-01-30,7.0,2.625,13,61.0
1703,2017-01-31,7.0,3.125,15,10.0
1704,2017-02-01,7.0,1.125,8,20.0
1705,2017-02-02,7.0,1.75,6,61.0
1706,2017-02-03,7.0,1.625,6,45.0
1707,2017-02-04,7.0,5.75,6,61.0
1708,2017-02-05,8.0,2.0,10,61.0
1709,2017-02-06,7.0,2.5,12,61.0
1710,2017-02-07,7.0,0.0,12,77.0
1711,2017-02-08,8.0,-2.0,8,77.0
1712,2017-02-09,8.0,-2.125,11,22.0
1713,2017-02-10,7.0,-1.75,16,10.0
1714,2017-02-11,7.0,0.0,17,0.0
1715,2017-02-12,8.0,0.375,17,10.0
1716,2017-02-13,0.0,-0.25,10,10.0
1717,2017-02-14,2.0,-0.75,8,49.0
1718,2017-02-15,0.0,5.875,4,5.0
1719,2017-02-16,7.0,6.25,10,61.0
1720,2017-02-17,7.0,6.0,9,61.0
1721,2017-02-18,7.0,4.625,12,20.0
1722,2017-02-19,7.0,5.625,8,61.0
1723,2017-02-20,7.0,8.0,16,61.0
1724,2017-02-21,6.0,7.625,18,
1725,2017-02-22,6.0,7.375,20,61.0
1726,2017-02-23,7.0,4.375,22,63.0
1727,2017-02-24,1.0,4.125,15,21.0
1728,2017-02-25,7.0,3.375,12,61.0
1729,2017-02-26,7.0,7.5,11,61.0
1730,2017-02-27,8.0,10.75,11,
1731,2017-02-28,6.0,6.0,15,21.0
1732,2017-03-01,6.0,5.0,14,63.0
1733,2017-03-02,3.0,6.5,16,21.0
1734,2017-03-03,2.0,8.375,10,0.0
1735,2017-03-04,6.0,9.125,5,5.0
1736,2017-03-05,7.0,7.375,12,61.0
1737,2017-03-06,8.0,3.75,17,0.0
1738,2017-03-07,7.0,1.75,7,20.0
1739,2017-03-08,6.0,5.75,9,61.0
1740,2017-03-09,7.0,7.375,8,21.0
1741,2017-03-10,4.0,8.75,16,0.0
1742,2017-03-11,2.0,7.75,9,0.0
1743,2017-03-12,6.0,6.375,9,
1744,2017-03-13,7.0,6.625,7,5.0
1745,2017-03-14,6.0,10.5,13,0.0
1746,2017-03-15,0.0,9.25,16,5.0
1747,2017-03-16,5.0,11.75,9,
1748,2017-03-17,6.0,6.75,18,63.0
1749,2017-03-18,5.0,6.875,22,21.0
1750,2017-03-19,8.0,3.875,9,79.0
1751,2017-03-20,7.0,10.25,8,61.0
1752,2017-03-21,5.0,8.75,20,21.0
1753,2017-03-22,0.0,10.75,11,0.0
1754,2017-03-23,4.0,8.125,11,
1755,2017-03-24,0.0,10.5,7,0.0
1756,2017-03-25,3.0,9.875,12,0.0
1757,2017-03-26,3.0,9.375,7,0.0
1758,2017-03-27,0.0,12.5,11,10.0
1759,2017-03-28,0.0,13.875,7,0.0
1760,2017-03-29,8.0,10.0,13,21.0
1761,2017-03-30,7.0,16.0,12,61.0
1762,2017-03-31,0.0,19.75,7,
1763,2017-04-01,2.0,15.75,7,0.0
1764,2017-04-02,2.0,13.375,13,0.0
1765,2017-04-03,2.0,10.375,8,
1766,2017-04-04,2.0,12.625,8,0.0
1767,2017-04-05,5.0,9.875,18,21.0
1768,2017-04-06,6.0,10.0,17,0.0
1769,2017-04-07,6.0,11.125,18,20.0
1770,2017-04-08,7.0,10.875,12,
1771,2017-04-09,0.0,16.0,9,5.0
1772,2017-04-10,7.0,9.5,19,21.0
1773,2017-04-11,5.0,8.75,18,21.0
1774,2017-04-12,7.0,8.75,13,61.0
1775,2017-04-13,7.0,9.0,18,61.0
1776,2017-04-14,7.0,9.25,12,63.0
1777,2017-04-15,6.0,8.125,23,63.0
1778,2017-04-16,7.0,6.875,7,61.0
1779,2017-04-17,6.0,6.25,10,61.0
1780,2017-04-18,4.0,5.625,15,
1781,2017-04-19,0.0,6.375,10,0.0
1782,2017-04-20,7.0,8.25,12,
1783,2017-04-21,7.0,11.875,19,61.0
1784,2017-04-22,5.0,7.5,21,61.0
1785,2017-04-23,4.0,7.875,20,21.0
1786,2017-04-24,7.0,8.875,17,63.0
1787,2017-04-25,5.0,5.5,15,69.0
1788,2017-04-26,6.0,7.625,7,61.0
1789,2017-04-27,6.0,8.625,13,61.0
1790,2017-04-28,7.0,8.625,10,61.0
1791,2017-04-29,4.0,7.125,9,61.0
1792,2017-04-30,1.0,11.875,12,0.0
1793,2017-05-01,1.0,11.75,19,5.0
1794,2017-05-02,2.0,10.875,21,5.0
1795,2017-05-03,3.0,11.25,20,5.0
1796,2017-05-04,7.0,10.625,19,
1797,2017-05-05,7.0,8.25,15,61.0
1798,2017-05-06,7.0,11.0,7,0.0
1799,2017-05-07,0.0,17.125,9,0.0
1800,2017-05-08,1.0,9.75,19,5.0
1801,2017-05-09,4.0,10.0,12,
1802,2017-05-10,7.0,9.25,11,61.0
1803,2017-05-11,0.0,13.375,14,
1804,2017-05-12,7.0,12.75,13,61.0
1805,2017-05-13,6.0,17.875,6,21.0
1806,2017-05-14,2.0,18.75,12,0.0
1807,2017-05-15,3.0,17.375,9,0.0
1808,2017-05-16,7.0,14.125,8,61.0
1809,2017-05-17,6.0,23.125,7,
1810,2017-05-18,4.0,23.125,12,
1811,2017-05-19,6.0,17.375,7,21.0
1812,2017-05-20,4.0,16.0,12,
1813,2017-05-21,1.0,18.625,12,
1814,2017-05-22,0.0,17.75,9,
1815,2017-05-23,4.0,22.125,15,95.0
1816,2017-05-24,3.0,17.125,18,0.0
1817,2017-05-25,2.0,18.875,12,
1818,2017-05-26,0.0,20.75,6,0.0
1819,2017-05-27,0.0,24.75,7,
1820,2017-05-28,1.0,22.375,14,61.0
1821,2017-05-29,5.0,18.75,7,0.0
1822,2017-05-30,6.0,20.5,14,5.0
1823,2017-05-31,5.0,15.5,18,5.0
1824,2017-06-01,0.0,17.375,12,5.0
1825,2017-06-02,0.0,20.25,9,
1826,2017-06-03,7.0,17.5,5,61.0
1827,2017-06-04,5.0,17.125,14,61.0
1828,2017-06-05,1.0,20.125,9,0.0
1829,2017-06-06,4.0,21.625,10,61.0
1830,2017-06-07,7.0,12.25,14,63.0
1831,2017-06-08,7.0,14.875,8,61.0
1832,2017-06-09,6.0,20.25,14,95.0
1833,2017-06-10,5.0,19.25,10,0.0
1834,2017-06-11,2.0,25.0,11,
1835,2017-06-12,7.0,16.25,16,61.0
1836,2017-06-13,6.0,16.125,16,21.0
1837,2017-06-14,7.0,19.125,9,
1838,2017-06-15,3.0,22.75,6,21.0
1839,2017-06-16,5.0,17.375,20,21.0
1840,2017-06-17,0.0,20.125,15,0.0
1841,2017-06-18,2.0,24.25,9,
1842,2017-06-19,1.0,25.375,7,0.0
1843,2017-06-20,0.0,20.75,12,0.0
1844,2017-06-21,3.0,18.75,10,
1845,2017-06-22,3.0,20.25,10,95.0
1846,2017-06-23,7.0,17.25,14,61.0
1847,2017-06-24,6.0,17.875,19,61.0
1848,2017-06-25,7.0,17.25,16,20.0
1849,2017-06-26,3.0,17.375,16,21.0
1850,2017-06-27,3.0,16.375,9,
1851,2017-06-28,6.0,19.75,18,
1852,2017-06-29,7.0,17.875,8,61.0
1853,2017-06-30,7.0,14.875,11,63.0
1854,2017-07-01,7.0,17.625,10,21.0
1855,2017-07-02,7.0,17.125,18,21.0
1856,2017-07-03,7.0,18.625,14,95.0
1857,2017-07-04,6.0,17.25,15,
1858,2017-07-05,2.0,19.0,9,
1859,2017-07-06,0.0,18.375,8,
1860,2017-07-07,5.0,20.625,7,61.0
1861,2017-07-08,4.0,20.625,16,21.0
1862,2017-07-09,1.0,19.125,9,
1863,2017-07-10,7.0,17.5,6,61.0
1864,2017-07-11,6.0,19.875,11,95.0
1865,2017-07-12,7.0,14.75,12,61.0
1866,2017-07-13,6.0,16.875,15,
1867,2017-07-14,3.0,19.5,8,
1868,2017-07-15,7.0,18.75,10,21.0
1869,2017-07-16,8.0,17.375,9,61.0
1870,2017-07-17,6.0,18.5,12,
1871,2017-07-18,5.0,18.75,7,
1872,2017-07-19,1.0,22.5,13,0.0
1873,2017-07-20,7.0,21.5,5,61.0
1874,2017-07-21,2.0,20.5,10,
1875,2017-07-22,7.0,18.5,9,63.0
1876,2017-07-23,6.0,19.375,12,61.0
1877,2017-07-24,7.0,18.75,10,21.0
1878,2017-07-25,7.0,16.25,16,63.0
1879,2017-07-26,0.0,20.875,10,
1880,2017-07-27,6.0,19.5,10,61.0
1881,2017-07-28,6.0,18.125,17,61.0
1882,2017-07-29,5.0,19.625,11,61.0
1883,2017-07-30,5.0,24.0,11,61.0
1884,2017-07-31,2.0,22.75,9,
1885,2017-08-01,6.0,21.375,7,21.0
1886,2017-08-02,5.0,21.375,8,61.0
1887,2017-08-03,7.0,20.125,10,95.0
1888,2017-08-04,6.0,19.625,18,21.0
1889,2017-08-05,4.0,20.125,12,
1890,2017-08-06,3.0,18.5,13,21.0
1891,2017-08-07,2.0,22.4875,8,
1892,2017-08-08,6.0,23.0625,8,21.0
1893,2017-08-09,1.0,21.125,11,0.0
1894,2017-08-10,6.0,19.6,9,
1895,2017-08-11,7.0,16.375,8,61.0
1896,2017-08-12,7.0,15.5625,8,61.0
1897,2017-08-13,4.0,17.825,11,21.0
1898,2017-08-14,1.0,18.6375,12,0.0
1899,2017-08-15,2.0,25.0625,9,
1900,2017-08-16,3.0,20.8625,8,0.0
1901,2017-08-17,5.0,21.8,10,63.0
1902,2017-08-18,6.0,19.6625,7,0.0
1903,2017-08-19,5.0,16.9375,11,63.0
1904,2017-08-20,6.0,16.0125,10,61.0
1905,2017-08-21,7.0,17.2,15,61.0
1906,2017-08-22,4.0,17.6125,11,
1907,2017-08-23,0.0,19.4375,9,5.0
1908,2017-08-24,3.0,19.4875,14,21.0
1909,2017-08-25,3.0,19.7625,13,
1910,2017-08-26,4.0,19.525,7,0.0
1911,2017-08-27,4.0,19.6625,13,21.0
1912,2017-08-28,4.0,20.5375,5,
1913,2017-08-29,0.0,24.6,9,
1914,2017-08-30,6.0,20.0,11,61.0
1915,2017-08-31,7.0,14.8875,11,61.0
1916,2017-09-01,4.0,17.3,7,61.0
1917,2017-09-02,4.0,16.525,8,21.0
1918,2017-09-03,3.0,17.4,7,0.0
1919,2017-09-04,0.0,18.2875,10,0.0
1920,2017-09-05,3.0,20.95,6,
1921,2017-09-06,7.0,18.2,17,63.0
1922,2017-09-07,5.0,17.2875,16,21.0
1923,2017-09-08,7.0,14.9375,10,61.0
1924,2017-09-09,7.0,15.025,9,61.0
1925,2017-09-10,2.0,17.65,11,0.0
1926,2017-09-11,3.0,17.8625,11,21.0
1927,2017-09-12,5.0,16.1,12,21.0
1928,2017-09-13,7.0,13.3375,20,63.0
1929,2017-09-14,7.0,13.2375,13,61.0
1930,2017-09-15,6.0,14.425,11,21.0
1931,2017-09-16,8.0,11.9125,6,61.0
1932,2017-09-17,7.0,15.25,7,61.0
1933,2017-09-18,2.0,15.075,4,0.0
1934,2017-09-19,5.0,14.3875,8,65.0
1935,2017-09-20,7.0,14.225,10,61.0
1936,2017-09-21,4.0,16.9625,7,10.0
1937,2017-09-22,1.0,15.5875,8,0.0
1938,2017-09-23,0.0,15.85,9,0.0
1939,2017-09-24,7.0,15.8125,9,53.0
1940,2017-09-25,6.0,16.225,15,21.0
1941,2017-09-26,7.0,15.725,12,10.0
1942,2017-09-27,7.0,16.575,10,61.0
1943,2017-09-28,7.0,15.1125,7,21.0
1944,2017-09-29,2.0,19.1,6,10.0
1945,2017-09-30,7.0,15.1125,6,61.0
1946,2017-10-01,2.0,16.2875,6,
1947,2017-10-02,6.0,15.15,13,61.0
1948,2017-10-03,5.0,14.2625,14,61.0
1949,2017-10-06,1.0,13.8875,13,3.0
1950,2017-10-07,7.0,10.65,10,61.0
1951,2017-10-08,0.0,12.025,12,5.0
1952,2017-10-09,5.0,12.475,8,20.0
1953,2017-10-10,7.0,14.05,9,63.0
1954,2017-10-11,7.0,14.6375,12,63.0
1955,2017-10-12,6.0,13.1875,24,21.0
1956,2017-10-13,6.0,14.1625,8,10.0
1957,2017-10-14,8.0,15.7625,12,61.0
1958,2017-10-15,2.0,17.8125,5,28.0
1959,2017-10-16,5.0,17.9375,7,10.0
1960,2017-10-17,7.0,14.725,13,
1961,2017-10-18,4.0,14.8125,6,0.0
1962,2017-10-19,6.0,14.85,9,10.0
1963,2017-10-20,7.0,14.175,6,61.0
1964,2017-10-21,7.0,13.0375,6,61.0
1965,2017-10-22,7.0,11.025,7,61.0
1966,2017-10-23,7.0,11.95,8,61.0
1967,2017-10-24,7.0,11.925,8,61.0
1968,2017-10-25,7.0,14.225,16,61.0
1969,2017-10-26,5.0,13.475,12,
1970,2017-10-27,4.0,11.95,13,
1971,2017-10-28,7.0,11.2125,17,61.0
1972,2017-10-29,2.0,9.9,20,21.0
1973,2017-10-30,,8.1,11,
1974,2017-10-31,,8.925,7,
1975,2017-11-01,,12.975,12,
1976,2017-11-02,,11.6875,13,
1977,2017-11-03,,9.4375,7,
1978,2017-11-04,,10.2625,5,
1979,2017-11-05,,9.8,8,
1980,2017-11-06,,8.2125,7,
1981,2017-11-07,,6.7875,5,
1982,2017-11-08,,8.625,9,
1983,2017-11-09,6.0,8.55,9,10.0
1984,2017-11-10,7.0,7.5375,16,61.0
1985,2017-11-11,5.0,5.2375,8,63.0
1986,2017-11-12,7.0,5.575,7,61.0
1987,2017-11-13,2.0,5.9,9,10.0
1988,2017-11-14,7.0,6.3875,11,61.0
1989,2017-11-15,7.0,9.375,7,61.0
1990,2017-11-16,8.0,8.8125,8,61.0
1991,2017-11-17,3.0,7.725,10,21.0
1992,2017-11-18,5.0,5.35,12,65.0
1993,2017-11-19,3.0,6.25,15,21.0
1994,2017-11-20,6.0,5.9625,6,
1995,2017-11-21,7.0,4.9875,5,61.0
1996,2017-11-22,7.0,10.6125,10,61.0
1997,2017-11-23,7.0,12.225,16,61.0
1998,2017-11-24,7.0,6.9875,8,61.0
1999,2017-11-25,7.0,2.775,5,45.0
2000,2017-11-26,7.0,4.65,12,61.0
2001,2017-11-27,7.0,4.5625,14,61.0
2002,2017-11-28,7.0,5.4875,12,61.0
2003,2017-11-29,7.0,4.225,6,61.0
2004,2017-11-30,7.0,2.8125,4,10.0
2005,2017-12-01,6.0,4.3625,8,68.0
2006,2017-12-02,7.0,0.375,8,61.0
2007,2017-12-03,7.0,5.225,7,61.0
2008,2017-12-04,2.0,5.3375,12,
2009,2017-12-05,7.0,8.65,17,21.0
2010,2017-12-06,7.0,8.9,17,0.0
2011,2017-12-07,8.0,5.7625,13,61.0
2012,2017-12-08,6.0,1.675,10,73.0
2013,2017-12-09,3.0,3.5125,10,61.0
2014,2017-12-10,7.0,0.9875,9,22.0
2015,2017-12-11,8.0,2.2375,14,61.0
2016,2017-12-12,7.0,1.55,12,68.0
2017,2017-12-13,7.0,1.9875,12,69.0
2018,2017-12-14,7.0,3.025,12,61.0
2019,2017-12-15,7.0,3.0375,9,20.0
2020,2017-12-16,1.0,3.275,10,10.0
2021,2017-12-17,3.0,1.1375,7,10.0
2022,2017-12-18,5.0,2.4625,6,10.0
2023,2017-12-19,7.0,5.9125,7,20.0
2024,2017-12-20,7.0,6.6375,6,20.0
2025,2017-12-21,7.0,6.2375,10,21.0
2026,2017-12-22,7.0,5.7625,9,10.0
2027,2017-12-23,7.0,7.8,19,61.0
2028,2017-12-24,7.0,8.1125,16,61.0
2029,2017-12-25,7.0,8.7,14,61.0
2030,2017-12-26,7.0,6.25,14,61.0
2031,2017-12-27,7.0,4.6125,7,21.0
2032,2017-12-28,4.0,4.0875,11,61.0
2033,2017-12-29,5.0,2.8125,11,61.0
2034,2017-12-30,7.0,4.05,10,61.0
2035,2017-12-31,7.0,8.25,16,63.0
2036,2018-01-01,6.0,6.6125,17,61.0
2037,2018-01-02,6.0,5.7,8,61.0
2038,2018-01-03,7.0,6.475,11,61.0
2039,2018-01-04,6.0,5.5125,7,61.0
2040,2018-01-05,8.0,4.325,10,61.0
2041,2018-01-06,7.0,3.1875,8,61.0
2042,2018-01-07,0.0,0.65,8,
2043,2018-01-08,1.0,0.9875,7,5.0
2044,2018-01-09,4.0,3.1625,11,0.0
2045,2018-01-10,6.0,4.0125,6,21.0
2046,2018-01-11,7.0,3.8375,10,61.0
2047,2018-01-12,7.0,2.275,10,10.0
2048,2018-01-13,8.0,1.275,8,10.0
2049,2018-01-14,1.0,0.325,8,5.0
2050,2018-01-15,7.0,1.5625,12,61.0
2051,2018-01-16,7.0,3.3625,9,61.0
2052,2018-01-17,6.0,1.8125,10,61.0
2053,2018-01-18,7.0,1.1625,17,73.0
2054,2018-01-19,6.0,1.975,10,73.0
2055,2018-01-20,8.0,1.75,7,61.0
2056,2018-01-21,6.0,-0.6125,3,49.0
2057,2018-01-22,7.0,0.675,7,77.0
2058,2018-01-23,7.0,4.6625,7,61.0
2059,2018-01-24,8.0,11.6,14,61.0
2060,2018-01-25,7.0,7.95,9,21.0
2061,2018-01-26,6.0,5.9625,5,45.0
2062,2018-01-27,8.0,5.6375,9,10.0
2063,2018-01-28,6.0,7.6625,16,61.0
2064,2018-01-29,7.0,7.55,21,63.0
2065,2018-01-30,4.0,5.7375,15,10.0
2066,2018-01-31,7.0,6.3,15,61.0
2067,2018-02-01,7.0,3.5125,11,61.0
2068,2018-02-02,7.0,3.45,6,61.0
2069,2018-02-03,7.0,-1.1625,8,71.0
2070,2018-02-04,7.0,0.825,18,73.0
2071,2018-02-05,7.0,-0.2375,10,22.0
2072,2018-02-06,1.0,-0.8625,5,10.0
2073,2018-02-07,0.0,-1.285714,4,5.0
2074,2018-02-08,0.0,-0.0125,6,5.0
2075,2018-02-09,1.0,-0.2625,7,10.0
2076,2018-02-10,1.0,0.5625,4,10.0
2077,2018-02-11,7.0,2.3375,11,75.0
2078,2018-02-12,5.0,1.825,15,75.0
2079,2018-02-13,0.0,2.6875,7,10.0
2080,2018-02-14,0.0,2.95,8,5.0
2081,2018-02-15,7.0,0.675,11,73.0
2082,2018-02-16,5.0,4.8625,12,21.0
2083,2018-02-17,8.0,4.125,5,10.0
2084,2018-02-18,5.0,4.375,8,0.0
2085,2018-02-19,5.0,4.9125,4,5.0
2086,2018-02-20,1.0,3.375,11,10.0
2087,2018-02-21,6.0,2.175,7,22.0
2088,2018-02-22,7.0,1.1125,7,20.0
2089,2018-02-23,1.0,0.4375,12,5.0
2090,2018-02-24,6.0,0.125,15,71.0
2091,2018-02-25,7.0,-2.9625,14,71.0
2092,2018-02-26,5.0,-1.5375,18,
2093,2018-02-27,6.0,-3.425,16,71.0
2094,2018-02-28,5.0,-6.1375,16,5.0
2095,2018-03-01,6.0,-3.95,18,71.0
2096,2018-03-02,6.0,-4.9625,15,71.0
2097,2018-03-03,0.0,-3.4375,13,5.0
2098,2018-03-04,5.0,-2.3125,10,77.0
2099,2018-03-05,5.0,5.9875,7,10.0
2100,2018-03-06,0.0,6.4,9,5.0
2101,2018-03-07,7.0,1.1875,6,71.0
2102,2018-03-08,5.0,4.4625,8,61.0
2103,2018-03-09,7.0,4.45,13,61.0
2104,2018-03-10,8.0,3.4,10,63.0
2105,2018-03-11,5.0,11.475,7,45.0
2106,2018-03-12,7.0,6.5375,5,61.0
2107,2018-03-13,7.0,4.2625,12,61.0
2108,2018-03-14,8.0,3.2,8,21.0
2109,2018-03-15,8.0,2.4625,20,
2110,2018-03-16,7.0,0.2,28,22.0
2111,2018-03-17,5.0,-2.225,29,73.0
2112,2018-03-18,1.0,-0.825,23,5.0
2113,2018-03-19,0.0,2.3,8,5.0
2114,2018-03-20,0.0,4.2125,17,5.0
2115,2018-03-21,7.0,4.7,13,22.0
2116,2018-03-22,8.0,5.7625,11,61.0
2117,2018-03-23,8.0,4.425,5,22.0
2118,2018-03-24,7.0,7.125,4,5.0
2119,2018-03-25,7.0,7.625,6,0.0
2120,2018-03-26,7.0,5.0375,8,61.0
2121,2018-03-27,7.0,5.325,9,10.0
2122,2018-03-28,7.0,3.725,14,61.0
2123,2018-03-29,7.0,0.9,8,71.0
2124,2018-03-30,1.0,3.225,13,5.0
2125,2018-03-31,7.0,2.225,17,
2126,2018-04-01,6.0,2.525,9,71.0
2127,2018-04-02,5.0,6.1,8,5.0
2128,2018-04-03,7.0,11.775,9,61.0
2129,2018-04-04,4.0,13.2125,9,61.0
2130,2018-04-05,7.0,8.6625,19,61.0
2131,2018-04-06,1.0,9.9875,10,5.0
2132,2018-04-07,0.0,14.75,9,5.0
2133,2018-04-08,0.0,20.5,5,5.0
2134,2018-04-09,5.0,15.3125,9,5.0
2135,2018-04-10,8.0,5.1625,21,10.0
2136,2018-04-11,8.0,4.7125,22,
2137,2018-04-12,5.0,7.975,19,5.0
2138,2018-04-13,6.0,8.7125,15,61.0
2139,2018-04-14,8.0,7.675,10,61.0
2140,2018-04-15,8.0,9.5375,7,61.0
2141,2018-04-16,2.0,13.875,8,63.0
2142,2018-04-17,0.0,15.25,11,0.0
2143,2018-04-18,1.0,20.35,11,0.0
2144,2018-04-19,0.0,23.1125,5,0.0
2145,2018-04-20,0.0,24.375,13,0.0
2146,2018-04-21,1.0,15.6625,10,5.0
2147,2018-04-22,1.0,14.525,11,5.0
2148,2018-04-23,4.0,14.4,18,5.0
2149,2018-04-24,5.0,12.0875,21,61.0
2150,2018-04-25,7.0,9.25,13,61.0
2151,2018-04-26,6.0,11.0875,18,61.0
2152,2018-04-27,5.0,13.0875,8,0.0
2153,2018-04-28,7.0,14.65,8,61.0
2154,2018-04-29,7.0,8.875,9,21.0
2155,2018-04-30,7.0,11.55,10,95.0
2156,2018-05-01,7.0,6.9875,13,63.0
2157,2018-05-02,1.0,14.725,9,5.0
2158,2018-05-03,1.0,12.5,14,0.0
2159,2018-05-04,0.0,12.1875,10,5.0
2160,2018-05-05,0.0,14.75,9,5.0
2161,2018-05-06,0.0,18.9125,10,
2162,2018-05-07,0.0,20.825,11,0.0
2163,2018-05-08,0.0,22.3875,14,5.0
2164,2018-05-09,0.0,23.3,12,
2165,2018-05-10,5.0,20.525,9,95.0
2166,2018-05-11,1.0,15.1,8,
2167,2018-05-12,5.0,17.3375,10,0.0
2168,2018-05-13,2.0,17.25,12,10.0
2169,2018-05-14,0.0,18.8875,11,5.0
2170,2018-05-15,0.0,18.0,9,0.0
2171,2018-05-16,5.0,20.5625,13,21.0
2172,2018-05-17,3.0,15.2875,10,5.0
2173,2018-05-18,7.0,14.75,9,0.0
2174,2018-05-19,6.0,14.9125,8,0.0
2175,2018-05-20,0.0,18.9,13,5.0
2176,2018-05-21,0.0,18.5125,16,5.0
2177,2018-05-22,0.0,20.325,13,5.0
2178,2018-05-23,0.0,20.1625,10,0.0
2179,2018-05-24,0.0,20.35,15,5.0
2180,2018-05-25,0.0,19.775,16,5.0
2181,2018-05-26,0.0,19.875,11,5.0
2182,2018-05-27,7.0,16.425,12,20.0
2183,2018-05-28,2.0,20.2125,10,5.0
2184,2018-05-29,0.0,23.4625,14,5.0
2185,2018-05-30,1.0,23.1875,11,17.0
2186,2018-05-31,0.0,21.8875,14,5.0
2187,2018-06-01,0.0,21.375,12,5.0
2188,2018-06-02,1.0,22.8875,10,5.0
2189,2018-06-03,7.0,19.275,9,0.0
2190,2018-06-04,5.0,19.25,14,20.0
2191,2018-06-05,0.0,19.7,10,5.0
2192,2018-06-06,0.0,22.15,14,5.0
2193,2018-06-07,0.0,23.6875,10,
2194,2018-06-08,0.0,22.7375,9,0.0
2195,2018-06-09,6.0,22.1125,7,61.0
2196,2018-06-10,7.0,19.1,8,61.0
2197,2018-06-11,6.0,18.5125,15,
2198,2018-06-12,8.0,15.3125,12,20.0
2199,2018-06-13,7.0,16.4,14,61.0
2200,2018-06-14,5.0,20.9,10,
2201,2018-06-15,4.0,19.2,7,0.0
2202,2018-06-16,5.0,21.325,7,95.0
2203,2018-06-17,5.0,18.275,12,61.0
2204,2018-06-18,7.0,17.6375,9,61.0
2205,2018-06-19,3.0,19.2375,16,21.0
2206,2018-06-20,3.0,23.65,13,0.0
2207,2018-06-21,7.0,11.5625,15,65.0
2208,2018-06-22,5.0,15.575,20,61.0
2209,2018-06-23,7.0,14.3,18,61.0
2210,2018-06-24,6.0,16.2375,10,21.0
2211,2018-06-25,6.0,17.175,13,21.0
2212,2018-06-26,3.0,20.075,6,21.0
2213,2018-06-27,0.0,22.0125,11,5.0
2214,2018-06-28,0.0,22.125,9,0.0
2215,2018-06-29,0.0,21.85,15,5.0
2216,2018-06-30,0.0,21.2375,10,5.0
2217,2018-07-01,0.0,21.0625,12,5.0
2218,2018-07-02,0.0,22.525,11,5.0
2219,2018-07-03,0.0,22.4875,9,5.0
2220,2018-07-04,5.0,19.7,9,
2221,2018-07-05,7.0,17.5,12,20.0
2222,2018-07-06,0.0,20.5125,18,5.0
2223,2018-07-07,0.0,20.25,19,5.0
2224,2018-07-08,0.0,23.0,10,5.0
2225,2018-07-09,6.0,16.75,18,0.0
2226,2018-07-10,2.0,18.675,15,5.0
2227,2018-07-11,7.0,19.625,12,21.0
2228,2018-07-12,1.0,26.075,14,
2229,2018-07-13,0.0,23.975,13,5.0
2230,2018-07-14,7.0,17.7625,12,0.0
2231,2018-07-15,2.0,23.2,9,5.0
2232,2018-07-16,0.0,24.25,9,5.0
2233,2018-07-17,0.0,26.775,10,
2234,2018-07-18,3.0,23.866666,13,0.0
2235,2018-07-19,2.0,22.575,13,
2236,2018-07-20,0.0,22.775,9,0.0
2237,2018-07-21,0.0,25.0625,10,0.0
2238,2018-07-22,1.0,25.0375,13,5.0
2239,2018-07-23,3.0,24.8375,10,
2240,2018-07-24,0.0,28.1,10,5.0
2241,2018-07-25,1.0,28.425,11,61.0
2242,2018-07-26,0.0,28.875,12,5.0
2243,2018-07-27,0.0,27.5875,16,5.0
2244,2018-07-28,3.0,28.75,11,95.0
2245,2018-07-29,0.0,24.55,6,
2246,2018-07-30,6.0,27.7875,10,21.0
2247,2018-07-31,5.0,31.2875,11,
2248,2018-08-01,0.0,23.7625,10,0.0
2249,2018-08-02,0.0,26.1875,10,0.0
2250,2018-08-03,1.0,27.6625,10,0.0
2251,2018-08-04,4.0,25.1375,12,
2252,2018-08-05,7.0,21.3,14,61.0
2253,2018-08-06,0.0,23.1,5,0.0
2254,2018-08-07,0.0,32.671428,7,
2255,2018-08-08,4.0,28.15,10,
2256,2018-08-09,5.0,24.575,13,21.0
2257,2018-08-10,5.0,17.325,16,61.0
2258,2018-08-11,6.0,15.5,13,61.0
2259,2018-08-12,7.0,18.375,9,61.0
2260,2018-08-13,7.0,21.9125,8,61.0
2261,2018-08-14,5.0,21.8,16,61.0
2262,2018-08-15,6.0,21.9875,13,21.0
2263,2018-08-16,3.0,25.075,9,0.0
2264,2018-08-17,7.0,19.55,9,61.0
2265,2018-08-18,4.0,21.75,10,
2266,2018-08-19,7.0,21.3875,10,
2267,2018-08-20,6.0,19.6,13,21.0
2268,2018-08-21,4.0,19.7875,8,
2269,2018-08-22,0.0,26.6375,8,
2270,2018-08-23,5.0,22.575,11,5.0
2271,2018-08-24,5.0,17.1,15,61.0
2272,2018-08-25,7.0,12.9,6,63.0
2273,2018-08-26,3.0,16.9875,12,21.0
2274,2018-08-27,6.0,16.5375,13,63.0
2275,2018-08-28,6.0,18.6125,9,61.0
2276,2018-08-29,0.0,22.7,12,0.0
2277,2018-08-30,7.0,15.4625,13,63.0
2278,2018-08-31,4.0,18.725,11,0.0
2279,2018-09-01,2.0,18.1125,8,
2280,2018-09-02,1.0,18.95,11,5.0
2281,2018-09-03,2.0,21.0125,13,21.0
2282,2018-09-04,1.0,20.525,11,5.0
2283,2018-09-05,2.0,20.2875,11,0.0
2284,2018-09-06,0.0,21.275,11,0.0
2285,2018-09-07,7.0,17.475,12,61.0
2286,2018-09-10,5.0,19.2375,12,
2287,2018-09-11,7.0,16.55,12,61.0
2288,2018-09-12,7.0,14.3,11,61.0
2289,2018-09-13,4.0,17.3375,7,0.0
2290,2018-09-14,3.0,17.1125,9,
2291,2018-09-21,6.0,14.957142,16,61.0
2292,2018-09-22,4.0,13.025,20,61.0
2293,2018-09-23,6.0,11.65,6,61.0
2294,2018-09-24,2.0,11.2875,17,21.0
2295,2018-09-25,3.0,12.7625,9,0.0
2296,2018-09-26,7.0,14.2375,16,61.0
2297,2018-09-27,7.0,17.6,13,0.0
2298,2018-09-28,1.0,12.8625,15,21.0
2299,2018-09-29,6.0,13.1,10,61.0
2300,2018-09-30,5.0,13.9625,12,21.0
2301,2018-10-01,5.0,11.1625,12,21.0
2302,2018-10-02,6.0,10.0,18,61.0
2303,2018-10-03,4.0,12.2875,18,21.0
2304,2018-10-04,7.0,14.2625,8,61.0
2305,2018-10-05,0.0,18.1125,8,5.0
2306,2018-10-06,1.0,14.3375,6,10.0
2307,2018-10-07,1.0,11.4,10,5.0
2308,2018-10-08,5.0,13.0625,10,
2309,2018-10-09,3.0,15.125,9,0.0
2310,2018-10-10,0.0,17.1,6,10.0
2311,2018-10-11,0.0,19.633333,7,0.0
2312,2018-10-12,0.0,21.4125,7,
2313,2018-10-15,0.0,20.7875,6,0.0
2314,2018-10-16,7.0,19.0625,6,10.0
2315,2018-10-17,2.0,20.8375,5,5.0
2316,2018-10-18,1.0,12.816666,12,5.0
2317,2018-10-19,3.0,10.925,6,5.0
2318,2018-10-22,2.0,11.1,14,0.0
2319,2018-10-23,7.0,11.925,23,63.0
2320,2018-10-24,4.0,10.357142,11,0.0
2321,2018-10-25,6.0,11.125,19,21.0
2322,2018-10-26,7.0,10.325,9,63.0
2323,2018-10-27,7.0,5.8375,13,63.0
2324,2018-10-28,2.0,5.5875,14,0.0
2325,2018-10-29,7.0,7.3625,17,21.0
2326,2018-10-30,7.0,10.6375,11,20.0
2327,2018-10-31,5.0,9.9,10,0.0
2328,2018-11-01,5.0,11.725,8,0.0
2329,2018-11-02,6.0,10.675,12,61.0
2330,2018-11-03,0.0,8.7,5,10.0
2331,2018-11-04,8.0,8.225,5,10.0
2332,2018-11-05,8.0,10.4125,6,10.0
2333,2018-11-06,7.0,8.5375,5,45.0
2334,2018-11-07,1.0,11.0875,4,28.0
2335,2018-11-08,6.0,11.625,7,20.0
2336,2018-11-09,7.0,9.3,6,61.0
2337,2018-11-10,7.0,11.425,8,61.0
2338,2018-11-11,7.0,12.2375,8,61.0
2339,2018-11-12,7.0,10.5375,4,61.0
2340,2018-11-13,7.0,10.325,9,61.0
2341,2018-11-14,7.0,8.4375,7,10.0
2342,2018-11-15,2.0,10.35,6,5.0
2343,2018-11-16,0.0,8.2625,7,10.0
2344,2018-11-17,0.0,5.375,10,10.0
2345,2018-11-18,7.0,6.75,14,0.0
2346,2018-11-19,6.0,5.775,21,61.0
2347,2018-11-20,7.0,4.725,16,
2348,2018-11-21,7.0,3.05,12,0.0
2349,2018-11-22,8.0,1.5125,9,21.0
2350,2018-11-23,8.0,1.8875,6,10.0
2351,2018-11-24,8.0,3.025,4,10.0
2352,2018-11-25,8.0,5.1625,12,53.0
2353,2018-11-26,7.0,4.95,12,61.0
2354,2018-11-27,8.0,2.1625,3,
2355,2018-11-28,3.0,1.5,10,5.0
2356,2018-11-29,7.0,3.3,10,61.0
2357,2018-11-30,5.0,7.8375,8,
2358,2018-12-01,7.0,7.1625,8,61.0
2359,2018-12-02,7.0,8.15,8,61.0
2360,2018-12-03,7.0,10.825,12,61.0
2361,2018-12-04,1.0,5.442857,14,21.0
2362,2018-12-05,1.0,3.7375,6,0.0
2363,2018-12-06,7.0,6.725,7,61.0
2364,2018-12-07,7.0,10.825,9,61.0
2365,2018-12-08,8.0,7.475,18,61.0
2366,2018-12-09,7.0,6.95,18,61.0
2367,2018-12-10,5.0,4.9125,15,21.0
2368,2018-12-11,6.0,4.6375,11,
2369,2018-12-12,7.0,4.175,12,21.0
2370,2018-12-13,7.0,2.925,10,61.0
2371,2018-12-14,7.0,2.175,12,22.0
2372,2018-12-15,7.0,0.5375,7,
2373,2018-12-16,7.0,0.2,9,
2374,2018-12-17,8.0,0.65,6,20.0
2375,2018-12-18,7.0,5.3125,6,21.0
2376,2018-12-19,7.0,3.175,9,61.0
2377,2018-12-20,7.0,4.8875,4,53.0
2378,2018-12-21,7.0,6.1125,9,61.0
2379,2018-12-22,8.0,4.3,4,
2380,2018-12-23,7.0,6.45,9,61.0
2381,2018-12-24,7.0,2.5,10,22.0
2382,2018-12-25,7.0,6.3625,16,
2383,2018-12-26,7.0,7.9125,12,0.0
2384,2018-12-27,7.0,7.125,12,20.0
2385,2018-12-28,7.0,7.3125,11,61.0
2386,2018-12-29,8.0,7.675,10,61.0
2387,2018-12-30,2.0,6.675,16,
2388,2018-12-31,7.0,7.3875,13,45.0
2389,2019-01-01,6.0,6.2875,26,21.0
2390,2019-01-02,0.0,3.9125,20,0.0
2391,2019-01-03,2.0,0.725,6,
2392,2019-01-04,7.0,5.55,15,61.0
2393,2019-01-05,5.0,7.85,8,21.0
2394,2019-01-06,7.0,3.65,7,61.0
2395,2019-01-07,8.0,5.9375,8,55.0
2396,2019-01-08,6.0,5.5,19,21.0
2397,2019-01-09,7.0,3.1375,22,0.0
2398,2019-01-10,7.0,1.4,7,
2399,2019-01-11,6.0,6.8625,15,61.0
2400,2019-01-12,7.0,6.0875,13,61.0
2401,2019-01-13,7.0,7.6875,20,61.0
2402,2019-01-14,2.0,1.9375,18,5.0
2403,2019-01-15,7.0,6.6625,18,61.0
2404,2019-01-16,7.0,7.2125,14,61.0
2405,2019-01-17,7.0,4.1875,15,61.0
2406,2019-01-18,1.0,1.2625,7,0.0
2407,2019-01-19,2.0,0.925,4,49.0
2408,2019-01-20,1.0,0.85,4,10.0
2409,2019-01-21,6.0,-0.425,9,71.0
2410,2019-01-22,5.0,0.1375,9,10.0
2411,2019-01-23,4.0,-3.075,7,10.0
2412,2019-01-24,8.0,-4.8125,6,22.0
2413,2019-01-25,8.0,-3.3875,6,71.0
2414,2019-01-26,7.0,3.8375,7,61.0
2415,2019-01-27,8.0,4.9375,7,61.0
2416,2019-01-28,8.0,2.75,5,20.0
2417,2019-01-29,6.0,1.575,7,68.0
2418,2019-01-30,5.0,1.6,10,
2419,2019-01-31,7.0,1.4,7,20.0
2420,2019-02-01,7.0,-0.075,12,10.0
2421,2019-02-02,8.0,1.7375,10,10.0
2422,2019-02-03,1.0,2.5,9,0.0
2423,2019-02-04,7.0,2.95,12,
2424,2019-02-05,7.0,4.6375,11,61.0
2425,2019-02-06,7.0,3.6625,11,61.0
2426,2019-02-07,7.0,6.0375,10,61.0
2427,2019-02-08,7.0,6.5,11,61.0
2428,2019-02-09,7.0,7.4,18,61.0
2429,2019-02-10,7.0,5.125,7,61.0
2430,2019-02-11,2.0,5.9375,16,0.0
2431,2019-02-12,4.0,5.225,12,20.0
2432,2019-02-13,8.0,7.5375,13,20.0
2433,2019-02-14,3.0,7.4,10,10.0
2434,2019-02-15,0.0,11.3375,7,0.0
2435,2019-02-16,0.0,10.425,12,5.0
2436,2019-02-17,3.0,11.625,5,5.0
2437,2019-02-18,0.0,11.725,7,0.0
2438,2019-02-19,7.0,6.75,15,63.0
2439,2019-02-20,7.0,7.34,11,61.0
2440,2019-02-21,8.0,7.675,12,61.0
2441,2019-02-22,4.0,4.125,11,0.0
2442,2019-02-23,6.0,4.775,6,
2443,2019-02-24,0.0,9.6875,9,5.0
2444,2019-02-25,0.0,9.8125,9,21.0
2445,2019-02-26,0.0,10.85,7,5.0
2446,2019-02-27,1.0,13.4125,10,5.0
2447,2019-02-28,5.0,7.8875,11,21.0
2448,2019-03-01,7.0,5.6375,8,
2449,2019-03-02,7.0,5.4,7,
2450,2019-03-03,6.0,8.975,13,61.0
2451,2019-03-04,6.0,7.5375,20,61.0
2452,2019-03-05,5.0,6.8875,17,61.0
2453,2019-03-06,7.0,6.7625,9,61.0
2454,2019-03-07,6.0,9.65,19,61.0
2455,2019-03-08,5.0,6.8875,26,61.0
2456,2019-03-09,6.0,6.35,22,63.0
2457,2019-03-10,6.0,6.8875,10,21.0
2458,2019-03-11,5.0,4.075,6,61.0
2459,2019-03-12,6.0,5.425,13,61.0
2460,2019-03-13,7.0,5.8,15,63.0
2461,2019-03-14,7.0,5.5625,12,61.0
2462,2019-03-15,7.0,7.4875,25,61.0
2463,2019-03-16,7.0,5.5875,11,61.0
2464,2019-03-17,5.0,7.4,20,21.0
2465,2019-03-18,5.0,6.325,21,61.0
2466,2019-03-19,3.0,7.0125,11,5.0
2467,2019-03-20,8.0,8.2875,12,53.0
2468,2019-03-21,8.0,10.225,14,10.0
2469,2019-03-22,7.0,9.7,6,20.0
2470,2019-03-23,6.0,10.2625,15,10.0
2471,2019-03-24,4.0,7.6625,12,0.0
2472,2019-03-25,4.0,7.3375,17,21.0
2473,2019-03-26,7.0,7.8375,16,21.0
2474,2019-03-27,8.0,8.375,14,61.0
2475,2019-03-28,8.0,10.7,9,
2476,2019-03-29,5.0,12.1125,11,21.0
2477,2019-03-30,1.0,15.5,11,5.0
2478,2019-03-31,0.0,7.6625,13,5.0
2479,2019-04-01,0.0,8.05,13,5.0
2480,2019-04-02,0.0,11.685714,10,5.0
2481,2019-04-03,7.0,9.875,9,63.0
2482,2019-04-05,2.0,12.0625,10,5.0
2483,2019-04-06,0.0,12.7625,10,10.0
2484,2019-04-07,0.0,12.8375,8,5.0
2485,2019-04-08,1.0,9.1125,16,5.0
2486,2019-04-09,1.0,6.6625,15,5.0
2487,2019-04-10,0.0,6.275,14,5.0
2488,2019-04-11,7.0,5.3375,12,22.0
2489,2019-04-12,5.0,5.2125,11,22.0
2490,2019-04-13,7.0,3.475,16,68.0
2491,2019-04-14,7.0,5.9375,16,61.0
2492,2019-04-15,2.0,7.35,14,5.0
2493,2019-04-16,0.0,8.4375,15,5.0
2494,2019-04-17,0.0,11.6625,14,5.0
2495,2019-04-18,0.0,13.0125,14,5.0
2496,2019-04-19,0.0,14.1,12,5.0
2497,2019-04-20,0.0,13.125,8,
2498,2019-04-21,0.0,16.8125,10,
2499,2019-04-22,0.0,15.775,16,5.0
2500,2019-04-23,0.0,14.225,19,5.0
2501,2019-04-24,2.0,17.65,10,21.0
2502,2019-04-25,0.0,19.6125,7,
2503,2019-04-26,7.0,14.975,16,95.0
2504,2019-04-27,5.0,16.2125,13,0.0
2505,2019-04-28,7.0,9.85,10,61.0
2506,2019-04-29,3.0,13.6125,12,10.0
2507,2019-04-30,6.0,17.65,11,0.0
2508,2019-05-01,7.0,9.2625,15,20.0
2509,2019-05-02,7.0,8.95,16,61.0
2510,2019-05-03,6.0,8.7625,18,21.0
2511,2019-05-04,5.0,7.3,15,61.0
2512,2019-05-05,5.0,10.6875,15,
2513,2019-05-06,3.0,9.1625,18,61.0
2514,2019-05-07,3.0,9.6625,14,21.0
2515,2019-05-08,6.0,12.8125,8,61.0
2516,2019-05-09,6.0,15.0,7,61.0
2517,2019-05-10,7.0,10.4625,11,61.0
2518,2019-05-11,1.0,11.525,9,
2519,2019-05-12,1.0,13.0125,16,5.0
2520,2019-05-13,1.0,12.7125,11,5.0
2521,2019-05-14,7.0,12.3375,9,
2522,2019-05-15,2.0,13.9,11,
2523,2019-05-16,7.0,12.475,15,61.0
2524,2019-05-17,7.0,11.95,11,10.0
2525,2019-05-18,3.0,16.4875,13,5.0
2526,2019-05-19,4.0,14.2375,12,10.0
2527,2019-05-20,3.0,16.8125,9,28.0
2528,2019-05-21,7.0,16.425,10,61.0
2529,2019-05-22,6.0,12.1,15,61.0
2530,2019-05-23,5.0,18.2375,10,0.0
2531,2019-05-24,2.0,18.4125,17,0.0
2532,2019-05-25,7.0,13.5375,14,
2533,2019-05-26,7.0,13.625,10,61.0
2534,2019-05-27,6.0,15.2625,13,
2535,2019-05-28,6.0,13.1625,12,
2536,2019-05-29,3.0,13.3625,8,0.0
2537,2019-05-30,7.0,14.0125,9,61.0
2538,2019-05-31,7.0,18.85,14,
2539,2019-06-01,6.0,19.5625,15,0.0
2540,2019-06-02,2.0,24.35,8,
2541,2019-06-03,6.0,22.225,12,21.0
2542,2019-06-04,7.0,16.0625,10,61.0
2543,2019-06-05,5.0,22.9125,11,
2544,2019-06-06,6.0,19.5,13,61.0
2545,2019-06-07,1.0,17.45,10,
2546,2019-06-08,7.0,16.2375,13,61.0
2547,2019-06-09,5.0,18.65,10,
2548,2019-06-10,7.0,16.125,14,61.0
2549,2019-06-11,6.0,18.1375,6,95.0
2550,2019-06-12,7.0,16.6625,10,95.0
2551,2019-06-13,0.0,22.175,11,
2552,2019-06-14,5.0,22.9,9,95.0
2553,2019-06-15,7.0,18.2125,12,95.0
2554,2019-06-16,6.0,20.3875,8,0.0
2555,2019-06-17,3.0,21.875,9,
2556,2019-06-18,5.0,25.1125,6,95.0
2557,2019-06-19,3.0,25.95,8,17.0
2558,2019-06-20,6.0,19.275,8,21.0
2559,2019-06-21,6.0,18.1625,11,
2560,2019-06-22,6.0,17.025,9,5.0
2561,2019-06-23,1.0,20.375,12,5.0
2562,2019-06-24,6.0,21.875,13,
2563,2019-06-25,3.0,28.775,7,
2564,2019-06-26,0.0,26.0375,16,5.0
2565,2019-06-27,6.0,17.175,14,
2566,2019-06-28,1.0,20.225,7,
2567,2019-06-29,0.0,24.0375,8,0.0
2568,2019-06-30,0.0,27.3375,19,5.0
2569,2019-07-01,5.0,20.25,20,0.0
2570,2019-07-02,6.0,15.1875,18,21.0
2571,2019-07-03,5.0,16.5,13,21.0
2572,2019-07-04,7.0,15.9625,15,61.0
2573,2019-07-05,7.0,15.7375,13,61.0
2574,2019-07-06,7.0,15.9125,17,61.0
2575,2019-07-07,7.0,14.4625,16,
2576,2019-07-08,7.0,16.0125,15,61.0
2577,2019-07-09,7.0,16.625,13,20.0
2578,2019-07-10,1.0,19.2125,11,
2579,2019-07-11,7.0,17.6125,6,53.0
2580,2019-07-12,7.0,18.475,7,61.0
2581,2019-07-13,7.0,19.9,12,20.0
2582,2019-07-14,8.0,15.3625,9,20.0
2583,2019-07-15,7.0,15.5875,16,
2584,2019-07-16,5.0,19.1125,14,0.0
2585,2019-07-17,4.0,17.5375,6,0.0
2586,2019-07-18,6.0,21.25,8,0.0
2587,2019-07-19,6.0,21.0875,11,21.0
2588,2019-07-20,7.0,24.35,14,95.0
2589,2019-07-21,8.0,18.9,16,21.0
2590,2019-07-22,7.0,16.6375,5,61.0
2591,2019-07-23,0.0,26.1,9,0.0
2592,2019-07-24,0.0,27.6875,10,0.0
2593,2019-07-25,6.0,29.725,11,
2594,2019-07-26,0.0,26.925,14,5.0
2595,2019-07-27,4.0,23.5375,21,5.0
2596,2019-07-28,3.0,23.35,14,5.0
2597,2019-07-29,6.0,25.25,7,61.0
2598,2019-07-30,7.0,20.7375,8,61.0
2599,2019-07-31,6.0,20.45,7,61.0
2600,2019-08-01,5.0,21.0625,9,61.0
